시도명,시군구명,도로노선명,소재지도로명주소,위도,경도
서울특별시,강동구,진황도로,서울특별시 강동구 진황도로 159,37.5319264,127.141845
서울특별시,강동구,구천면로,서울특별시 강동구 구천면로 196,37.5404532,127.1263224
서울특별시,강동구,상암로,서울특별시 강동구 상암로 200,37.5461434,127.1445334
서울특별시,강동구,성내로,서울특별시 강동구 성내로 22,37.5295605,127.1228007
서울특별시,강동구,고덕로,서울특별시 강동구 고덕로 262,37.55466775,127.1546203
서울특별시,강동구,양재대로,서울특별시 강동구 양재대로 1385,37.5298053,127.1365795
서울특별시,강동구,양재대로,서울특별시 강동구 양재대로 1410,37.531707,127.1381235
서울특별시,강동구,구천면로,서울특별시 강동구 구천면로 140,37.5422272,127.1204672
서울특별시,강동구,천호대로,서울특별시 강동구 천호대로 1237,37.5367028,127.1481184
서울특별시,강동구,천호대로,서울특별시 강동구 상일동 262 상일초교 인근,37.546708,
서울특별시,강동구,천호대로,서울특별시 강동구 천호대로 1476,37.5460515,127.1722204
서울특별시,강동구,구천면로,서울특별시 강동구 구천면로 271,37.5443497,127.1323481
서울특별시,강동구,진황도로,서울특별시 강동구 진황도로 98,37.5356928,127.137011
서울특별시,강동구,천중로,서울특별시 강동구 천중로43길 75,37.544328,127.1415811
서울특별시,강동구,상일로10길,서울특별시 강동구 상일로10길 36,37.5508023,127.1740049
서울특별시,강동구,진황도로,서울특별시 강동구 진황도로 190,37.52925982,127.142983
서울특별시,강동구,올림픽로,서울특별시 강동구 올림픽로721,37.5457433,127.125758
서울특별시,강동구,상일로,서울특별시 강동구 상일로 21,37.5489164,127.1729356
서울특별시,강동구,천호대로,서울특별시 강동구 천호대로 1032,37.5373037,127.1265119
서울특별시,강동구,아리수로,서울특별시 강동구 아리수로 426,37.5637274,127.1746656
서울특별시,강동구,천호대로,서울특별시 강동구 천호대로 1006,37.537963,127.123789
서울특별시,강동구,올림픽로,서울특별시 강동구 올림픽로 654,37.5397815,127.1241882
서울특별시,강동구,천호대로,서울특별시 강동구 천호대로 987,37.5393821,127.122345
서울특별시,강동구,양재대로,서울특별시 강동구 양재대로 1315,37.5238379,127.1342786
서울특별시,강동구,양재대로,서울특별시 강동구 양재대로 1339,37.5259147,127.1349952
서울특별시,강동구,양재대로,서울특별시 강동구 양재대로 1349,37.52672222,127.1353506
서울특별시,강동구,양재대로,서울특별시 강동구 양재대로 1367,37.528263,127.135999
서울특별시,강동구,성안로,서울특별시 강동구 성안로 143,37.536022,127.1343532
서울특별시,강동구,성안로,서울특별시 강동구 성안로 180,37.538917,127.136256
서울특별시,강동구,천중로,서울특별시 강동구 양재대로 1517,37.5412029,127.140802
서울특별시,강동구,고덕로,서울특별시 강동구 고덕로 391,37.557185,127.168996
서울특별시,강동구,천중로,서울특별시 강동구 천중로 254,37.540308,127.1485756
서울특별시,강동구,천중로,서울특별시 강동구 명일로24길 25,37.54182637,127.1492982
서울특별시,강동구,동남로,서울특별시 강동구 동남로 892,37.5528301,127.1571983
서울특별시,강동구,아리수로93길,서울특별시 강동구 아리수로93길 41,37.56621785,127.1732707
서울특별시,강동구,성안로,서울특별시 강동구 성안로 201,37.540864,127.136896
서울특별시,강동구,양재대로,서울특별시 강동구 양재대로 1522,37.541489,127.1416617
서울특별시,강동구,양재대로,서울특별시 강동구 양재대로 1588,37.547269,127.1436574
서울특별시,강동구,양재대로,서울특별시 강동구 양재대로 1601,37.54856188,127.143303
서울특별시,강동구,양재대로,서울특별시 강동구 양재대로 1618,37.549804,127.1440657
서울특별시,강동구,양재대로,서울특별시 강동구 양재대로 1641,37.552068,127.1438411
서울특별시,강동구,양재대로,서울특별시 강동구 양재대로 1655,37.5533158,127.1439183
서울특별시,강동구,천호대로,서울특별시 강동구 천호대로 1159,37.5340414,127.140079
서울특별시,강동구,고덕로,서울특별시 강동구 고덕로 101,37.554905,127.1367144
서울특별시,강동구,고덕로,서울특별시 강동구 고덕로 109,37.554825,127.137492
서울특별시,강동구,올림픽로,서울특별시 강동구 올림픽로 586,37.5337906,127.1220349
서울특별시,강동구,올림픽로,서울특별시 강동구 올림픽로 602,37.535261,127.1225284
서울특별시,강동구,올림픽로,서울특별시 강동구 올림픽로 786,37.551126,127.128112
서울특별시,강동구,양재대로,서울특별시 강동구 양재대로 1482,37.5379034,127.140329
서울특별시,강동구,천호대로,서울특별시 강동구 천호대로 1021,37.538205,127.125749
서울특별시,강동구,양재대로,서울특별시 강동구 양재대로 1453,37.535621,127.138866
서울특별시,강동구,양재대로,서울특별시 강동구 양재대로 1466,37.536757,127.139856
서울특별시,강동구,양재대로,서울특별시 강동구 양재대로 1556,37.5444011,127.142739
서울특별시,강동구,올림픽로,서울특별시 강동구 올림픽로 769,37.5499258,127.127169
서울특별시,강동구,동남로,서울특별시 강동구 동남로 895,37.553619,127.1560736
서울특별시,마포구,월드컵북로,서울특별시 마포구 월드컵북로 502,37.58504618,126.879871
서울특별시,마포구,월드컵로42길,서울특별시 마포구 월드컵로42길13,37.5787582,126.8808049
서울특별시,마포구,월드컵북로,서울특별시 마포구 월드컵북로 332,37.57588127,126.8949827
서울특별시,마포구,대흥로20길,서울특별시 마포구 대흥로20길 28,37.54990609,126.946079
서울특별시,마포구,백범로17길,서울특별시 마포구 백범로17길 38,37.548775,126.944537
서울특별시,마포구,양화로18길,서울특별시 마포구 양화로18길 3,37.557138,126.9245703
서울특별시,마포구,독막로,서울특별시 마포구 독막로 210,37.547256,126.936958
서울특별시,마포구,마포대로11길,서울특별시 마포구 마포대로11길 84,37.548872,126.950461
서울특별시,마포구,대흥로,서울특별시 마포구 대흥로 104,37.549023,126.942999
서울특별시,마포구,신촌로,서울특별시 마포구 신촌로 182,37.555331,126.945844
서울특별시,마포구,양화로,서울특별시 마포구 양화로 72,37.551297,126.916565
서울특별시,마포구,양화로,서울특별시 마포구 양화로 72,37.550898,126.916033
서울특별시,마포구,어울마당로,서울특별시 마포구 어울마당로 65,37.550707,126.921242
서울특별시,서대문구,증가로,서울특별시 서대문구 증가로12나길 32,37.58034525,126.9209968
서울특별시,은평구,진관동,서울특별시 은평구 진관동 38-25,37.61104863,126.9084026
서울특별시,구로구,사가정로,서울특별시 구로구 오리로,37.48825,126.836806
서울특별시,도봉구,노해로,서울특별시 도봉구 노해로,37.650056,127.02798
서울특별시,동대문구,국회대로,서울특별시 동대문 사가정로,37.574515,127.053466
서울특별시,동작구,노량진로,서울특별시 동작구 노량진로 148,37.513503,126.942742
서울특별시,마포구,가양대로,서울특별시 마포구 가양대로,37.583334,126.882516
서울특별시,마포구,강변북로,서울특별시 마포구 강변북로,37.552464,126.900251
서울특별시,서대문구,내부순환로,서울특별시 서대문구 내부순환로,37.578381,126.931944
서울특별시,서초구,효령로,서울특별시 서초구 효령로,37.480058,126.993807
서울특별시,성동구,고산자로,서울특별시 성동구 고산자로,37.547229,127.036727
서울특별시,성북구,동소문로,서울특별시 성북구 동소문로,37.58847,127.005595
서울특별시,성북구,화랑로,서울특별시 성북구 화랑로 368,37.61556,127.068976
서울특별시,양천구,목동서로,서울특별시 양천구 목동서로,37.537524,126.880805
서울특별시,영등포구,오리로,서울특별시 영등포 국회대로,37.526636,126.901504
서울특별시,용산구,한강대로,서울특별시 용산구 한강대로,37.535846,126.974505
서울특별시,은평구,수색로,서울특별시 은평구 수색로,37.586826,126.887184
서울특별시,은평구,연서로,서울특별시 은평구 연서로,37.64278,126.938891
서울특별시,중랑구,용마산로,서울특별시 중랑구 용마산로 363,37.584507,127.094309
서울특별시,송파구,중대로,서울특별시 송파구 중대로,37.507481,127.133137
서울특별시,관악구,난곡로,서울특별시 관악구 난곡로,37.470062,126.920132
서울특별시,관악구,호암로,서울특별시 관악구 호암로,37.459187,126.922685
서울특별시,관악구,관악로,서울특별시 관악구 관악로,37.475738,126.952838
서울특별시,중구,세종대로,서울특별시 중구 세종대로,37.556312,126.972805
서울특별시,중구,통일로,서울특별시 중구 통일로,37.556334,126.97287
서울특별시,송파구,새말로,서울특별시 송파구 새말로 27,37.480288,127.118207
서울특별시,송파구,새말로,서울특별시 송파구 새말로,37.481528,127.121833
서울특별시,서초구,남부순환로,서울특별시 서초구 남부순환로,37.474954,127.001966
서울특별시,강서구,방화대로,서울특별시 강서구 방화대로 96,37.549134,126.816824
서울특별시,강서구,방화대로,서울특별시 강서구 방화대로,37.540985,126.816276
서울특별시,동작구,장승배기로,서울특별시 동작구 장승배기로 160,37.511538,126.940295
서울특별시,관악구,강남순환로,서울특별시 관악구 강남순환로,37.468959,126.947383
서울특별시,강동구,진황도로,서울특별시 강동구 진황도로 159,37.5319264,127.141845
서울특별시,강동구,구천면로,서울특별시 강동구 구천면로 196,37.5404532,127.1263224
서울특별시,강동구,상암로,서울특별시 강동구 상암로 200,37.5461434,127.1445334
서울특별시,강동구,성내로,서울특별시 강동구 성내로 22,37.5295605,127.1228007
서울특별시,강동구,고덕로,서울특별시 강동구 고덕로 262,37.55466775,127.1546203
서울특별시,강동구,양재대로,서울특별시 강동구 양재대로 1385,37.5298053,127.1365795
서울특별시,강동구,양재대로,서울특별시 강동구 양재대로 1410,37.531707,127.1381235
서울특별시,강동구,구천면로,서울특별시 강동구 구천면로 140,37.5422272,127.1204672
서울특별시,강동구,천호대로,서울특별시 강동구 천호대로 1237,37.5367028,127.1481184
서울특별시,강동구,천호대로,서울특별시 강동구 상일동 262 상일초교 인근,37.546708,
서울특별시,강동구,천호대로,서울특별시 강동구 천호대로 1476,37.5460515,127.1722204
서울특별시,강동구,구천면로,서울특별시 강동구 구천면로 271,37.5443497,127.1323481
서울특별시,강동구,진황도로,서울특별시 강동구 진황도로 98,37.5356928,127.137011
서울특별시,강동구,천중로,서울특별시 강동구 천중로43길 75,37.544328,127.1415811
서울특별시,강동구,상일로10길,서울특별시 강동구 상일로10길 36,37.5508023,127.1740049
서울특별시,강동구,진황도로,서울특별시 강동구 진황도로 190,37.52925982,127.142983
서울특별시,강동구,올림픽로,서울특별시 강동구 올림픽로721,37.5457433,127.125758
서울특별시,강동구,상일로,서울특별시 강동구 상일로 21,37.5489164,127.1729356
서울특별시,강동구,천호대로,서울특별시 강동구 천호대로 1032,37.5373037,127.1265119
서울특별시,강동구,아리수로,서울특별시 강동구 아리수로 426,37.5637274,127.1746656
서울특별시,강동구,천호대로,서울특별시 강동구 천호대로 1006,37.537963,127.123789
서울특별시,강동구,올림픽로,서울특별시 강동구 올림픽로 654,37.5397815,127.1241882
서울특별시,강동구,천호대로,서울특별시 강동구 천호대로 987,37.5393821,127.122345
서울특별시,강동구,양재대로,서울특별시 강동구 양재대로 1315,37.5238379,127.1342786
서울특별시,강동구,양재대로,서울특별시 강동구 양재대로 1339,37.5259147,127.1349952
서울특별시,강동구,양재대로,서울특별시 강동구 양재대로 1349,37.52672222,127.1353506
서울특별시,강동구,양재대로,서울특별시 강동구 양재대로 1367,37.528263,127.135999
서울특별시,강동구,성안로,서울특별시 강동구 성안로 143,37.536022,127.1343532
서울특별시,강동구,성안로,서울특별시 강동구 성안로 180,37.538917,127.136256
서울특별시,강동구,천중로,서울특별시 강동구 양재대로 1517,37.5412029,127.140802
서울특별시,강동구,고덕로,서울특별시 강동구 고덕로 391,37.557185,127.168996
서울특별시,강동구,천중로,서울특별시 강동구 천중로 254,37.540308,127.1485756
서울특별시,강동구,천중로,서울특별시 강동구 명일로24길 25,37.54182637,127.1492982
서울특별시,강동구,동남로,서울특별시 강동구 동남로 892,37.5528301,127.1571983
서울특별시,강동구,아리수로93길,서울특별시 강동구 아리수로93길 41,37.56621785,127.1732707
서울특별시,강동구,성안로,서울특별시 강동구 성안로 201,37.540864,127.136896
서울특별시,강동구,양재대로,서울특별시 강동구 양재대로 1522,37.541489,127.1416617
서울특별시,강동구,양재대로,서울특별시 강동구 양재대로 1588,37.547269,127.1436574
서울특별시,강동구,양재대로,서울특별시 강동구 양재대로 1601,37.54856188,127.143303
서울특별시,강동구,양재대로,서울특별시 강동구 양재대로 1618,37.549804,127.1440657
서울특별시,강동구,양재대로,서울특별시 강동구 양재대로 1641,37.552068,127.1438411
서울특별시,강동구,양재대로,서울특별시 강동구 양재대로 1655,37.5533158,127.1439183
서울특별시,강동구,천호대로,서울특별시 강동구 천호대로 1159,37.5340414,127.140079
서울특별시,강동구,고덕로,서울특별시 강동구 고덕로 101,37.554905,127.1367144
서울특별시,강동구,고덕로,서울특별시 강동구 고덕로 109,37.554825,127.137492
서울특별시,강동구,올림픽로,서울특별시 강동구 올림픽로 586,37.5337906,127.1220349
서울특별시,강동구,올림픽로,서울특별시 강동구 올림픽로 602,37.535261,127.1225284
서울특별시,강동구,올림픽로,서울특별시 강동구 올림픽로 786,37.551126,127.128112
서울특별시,강동구,양재대로,서울특별시 강동구 양재대로 1482,37.5379034,127.140329
서울특별시,강동구,천호대로,서울특별시 강동구 천호대로 1021,37.538205,127.125749
서울특별시,강동구,양재대로,서울특별시 강동구 양재대로 1453,37.535621,127.138866
서울특별시,강동구,양재대로,서울특별시 강동구 양재대로 1466,37.536757,127.139856
서울특별시,강동구,양재대로,서울특별시 강동구 양재대로 1556,37.5444011,127.142739
서울특별시,강동구,올림픽로,서울특별시 강동구 올림픽로 769,37.5499258,127.127169
서울특별시,강동구,동남로,서울특별시 강동구 동남로 895,37.553619,127.1560736
서울특별시,마포구,월드컵북로,서울특별시 마포구 월드컵북로 502,37.58504618,126.879871
서울특별시,마포구,월드컵로42길,서울특별시 마포구 월드컵로42길13,37.5787582,126.8808049
서울특별시,마포구,월드컵북로,서울특별시 마포구 월드컵북로 332,37.57588127,126.8949827
서울특별시,마포구,대흥로20길,서울특별시 마포구 대흥로20길 28,37.54990609,126.946079
서울특별시,마포구,백범로17길,서울특별시 마포구 백범로17길 38,37.548775,126.944537
서울특별시,마포구,양화로18길,서울특별시 마포구 양화로18길 3,37.557138,126.9245703
서울특별시,마포구,독막로,서울특별시 마포구 독막로 210,37.547256,126.936958
서울특별시,마포구,마포대로11길,서울특별시 마포구 마포대로11길 84,37.548872,126.950461
서울특별시,마포구,대흥로,서울특별시 마포구 대흥로 104,37.549023,126.942999
서울특별시,마포구,신촌로,서울특별시 마포구 신촌로 182,37.555331,126.945844
서울특별시,마포구,양화로,서울특별시 마포구 양화로 72,37.551297,126.916565
서울특별시,마포구,양화로,서울특별시 마포구 양화로 72,37.550898,126.916033
서울특별시,마포구,어울마당로,서울특별시 마포구 어울마당로 65,37.550707,126.921242
서울특별시,서대문구,증가로,서울특별시 서대문구 증가로12나길 32,37.58034525,126.9209968
서울특별시,은평구,진관동,서울특별시 은평구 진관동 38-25,37.61104863,126.9084026
서울특별시,구로구,사가정로,서울특별시 구로구 오리로,37.48825,126.836806
서울특별시,도봉구,노해로,서울특별시 도봉구 노해로,37.650056,127.02798
서울특별시,동대문구,국회대로,서울특별시 동대문 사가정로,37.574515,127.053466
서울특별시,동작구,노량진로,서울특별시 동작구 노량진로 148,37.513503,126.942742
서울특별시,마포구,가양대로,서울특별시 마포구 가양대로,37.583334,126.882516
서울특별시,마포구,강변북로,서울특별시 마포구 강변북로,37.552464,126.900251
서울특별시,서대문구,내부순환로,서울특별시 서대문구 내부순환로,37.578381,126.931944
서울특별시,서초구,효령로,서울특별시 서초구 효령로,37.480058,126.993807
서울특별시,성동구,고산자로,서울특별시 성동구 고산자로,37.547229,127.036727
서울특별시,성북구,동소문로,서울특별시 성북구 동소문로,37.58847,127.005595
서울특별시,성북구,화랑로,서울특별시 성북구 화랑로 368,37.61556,127.068976
서울특별시,양천구,목동서로,서울특별시 양천구 목동서로,37.537524,126.880805
서울특별시,영등포구,오리로,서울특별시 영등포 국회대로,37.526636,126.901504
서울특별시,용산구,한강대로,서울특별시 용산구 한강대로,37.535846,126.974505
서울특별시,은평구,수색로,서울특별시 은평구 수색로,37.586826,126.887184
서울특별시,은평구,연서로,서울특별시 은평구 연서로,37.64278,126.938891
서울특별시,중랑구,용마산로,서울특별시 중랑구 용마산로 363,37.584507,127.094309
서울특별시,송파구,중대로,서울특별시 송파구 중대로,37.507481,127.133137
서울특별시,관악구,난곡로,서울특별시 관악구 난곡로,37.470062,126.920132
서울특별시,관악구,호암로,서울특별시 관악구 호암로,37.459187,126.922685
서울특별시,관악구,관악로,서울특별시 관악구 관악로,37.475738,126.952838
서울특별시,중구,세종대로,서울특별시 중구 세종대로,37.556312,126.972805
서울특별시,중구,통일로,서울특별시 중구 통일로,37.556334,126.97287
서울특별시,송파구,새말로,서울특별시 송파구 새말로 27,37.480288,127.118207
서울특별시,송파구,새말로,서울특별시 송파구 새말로,37.481528,127.121833
서울특별시,서초구,남부순환로,서울특별시 서초구 남부순환로,37.474954,127.001966
서울특별시,강서구,방화대로,서울특별시 강서구 방화대로 96,37.549134,126.816824
서울특별시,강서구,방화대로,서울특별시 강서구 방화대로,37.540985,126.816276
서울특별시,동작구,장승배기로,서울특별시 동작구 장승배기로 160,37.511538,126.940295
서울특별시,관악구,강남순환로,서울특별시 관악구 강남순환로,37.468959,126.947383
서울특별시,관악구,강남순환로,서울특별시 관악구 강남순환로,37.468971,126.947505
서울특별시,서초구,강남순환로,서울특별시 서초구 강남순환로,37.470461,126.986922
서울특별시,서초구,강남순환로,서울특별시 서초구 강남순환로,37.462053,127.018424
서울특별시,은평구,가좌로,서울특별시 은평구 가좌로 391,37.60055,126.904304
서울특별시,양천구,신정로,서울특별시 양천구 신정로 110,37.506421,126.83509
서울특별시,노원구,덕릉로,서울특별시 노원구 덕릉로,37.674206,127.085484
서울특별시,서초구,신반포로,서울특별시 서초구 신반포로 15길,37.505288,126.993806
서울특별시,서초구,신반포로,서울특별시 서초구 신반포로 15길,37.506617,126.993034
서울특별시,강남구,테헤란로,서울특별시 강남구 테헤란로,37.509851,127.066189
서울특별시,강북구,도봉로,서울특별시 강북구 도봉로 162,37.623104,127.027555
서울특별시,강서구,공항대로,서울특별시 강서구 공항대로,37.561233,126.810091
서울특별시,강서구,공항대로,서울특별시 강서구 공항대로,37.547167,126.877417
서울특별시,관악구,관악로,서울특별시 관악구 관악로 285,37.490665,126.956304
서울특별시,서대문구,모래내로,서울특별시 서대문구 모래내로15길68,37.574485,126.918781
서울특별시,서대문구,모래내로,서울특별시 서대문구 모래내로15길14,37.574934,126.918223
서울특별시,서대문구,충정로,서울특별시 서대문구 충정로7,37.56011129,126.962225
서울특별시,서대문구,신촌로,서울특별시 서대문구 신촌로15,37.558224,126.928744
서울특별시,서대문구,신촌로,서울특별시 서대문구 신촌로225,37.557349,126.951023
서울특별시,서대문구,북아현로,서울특별시 서대문구 북아현로1길24,37.559924,126.954572
서울특별시,서대문구,통일로,서울특별시 서대문구 통일로113,37.564888,126.967007
서울특별시,서대문구,세무서길,서울특별시 서대문구 세무서길103,37.592415,126.947237
서울특별시,서대문구,포방터길,서울특별시 서대문구 세검정로105,37.597497,126.949629
서울특별시,서대문구,백련사길,서울특별시 서대문구 백련사길99,37.583403,126.930079
서울특별시,서대문구,연희로,서울특별시 서대문구 연희로219,37.57688328,126.9352146
서울특별시,서대문구,세검정로,서울특별시 서대문구 세검정로1길90,37.59424182,126.9459657
서울특별시,서대문구,홍은중앙로,서울특별시 서대문구 홍은중앙로13,37.59350636,126.9454227
서울특별시,서대문구,증가로,서울특별시 서대문구 북가좌동 459-1,37.57985204,126.9165301
서울특별시,중구,장충단로,서울특별시 중구 장충단로 263,37.567955,127.009392
서울특별시,관악구,청림5길,서울특별시 관악구 청림5길 22,37.4890517,126.9600953
서울특별시,강동구,아리수로,서울특별시 강동구 아리수로98길 24,37.564392,127.178237
서울특별시,강동구,명일로,서울특별시 강동구 명일로 262,37.542021,127.147479
서울특별시,강동구,상일로,서울특별시 강동구 상일로15길 24,37.558169,127.169929
서울특별시,강동구,고덕로,서울특별시 강동구 고덕로46길 53,37.552208,127.146122
서울특별시,강동구,구천면로,서울특별시 강동구 구천면로93길 20,37.55154262,127.168561
서울특별시,강북구,솔샘로,서울특별시 강북구 솔샘로 330,37.6169845,127.028593
서울특별시,강북구,솔샘로,서울특별시 강북구 솔샘로48길 17-3,37.61915975,127.0181775
서울특별시,강북구,솔샘로,서울특별시 강북구 솔샘로 277-4,37.61888848,127.0236597
서울특별시,강북구,솔샘로,서울특별시 강북구 솔샘로 299,37.61819609,127.0257436
서울특별시,강북구,솔샘로,서울특별시 강북구 솔샘로 315,37.61739926,127.0273155
서울특별시,강북구,삼양로,서울특별시 강북구 삼양로27길 61-10,37.61870946,127.0168001
서울특별시,강북구,삼양로,서울특별시 강북구 삼양로27길 43,37.61855058,127.018861
서울특별시,강북구,삼양로,서울특별시 강북구 삼양로27길 35,37.61845678,127.0194097
서울특별시,강북구,삼양로,서울특별시 강북구 삼양로27길 19,37.61612462,127.0217424
서울특별시,강북구,월계로,서울특별시 강북구 월계로37길 65,37.62439627,127.0451253
서울특별시,강북구,한천로,서울특별시 강북구 한천로105길 21,37.62586611,127.0465898
서울특별시,강북구,한천로,서울특별시 강북구 한천로139길 25,37.639008,127.0257237
서울특별시,강북구,한천로,서울특별시 강북구 한천로139길 46,37.63867752,127.0247355
서울특별시,강북구,오패산로,서울특별시 강북구 오패산로30길 30,37.61635549,127.0356169
서울특별시,강북구,솔샘로,서울특별시 강북구 솔샘로 331,37.61739162,127.0291006
서울특별시,강북구,삼양로,서울특별시 강북구 삼양로77길 95,37.6277126,127.0130457
서울특별시,강북구,삼양로,서울특별시 강북구 삼양로77길 66,37.6287011,127.0149752
서울특별시,강북구,삼양로,서울특별시 강북구 삼양로77길 38,37.6294416,127.0161425
서울특별시,강북구,삼양로,서울특별시 강북구 삼양로145길 7,37.65154554,127.0122203
서울특별시,강북구,솔샘로,서울특별시 강북구 솔샘로 229-1,37.62014362,127.0182276
서울특별시,강북구,인수봉로,서울특별시 강북구 인수봉로23가길 3,37.62770912,127.0118222
서울특별시,강북구,삼양로,서울특별시 강북구 삼양로 416,37.64061418,127.0171631
서울특별시,강북구,삼양로,서울특별시 강북구 삼양로24길 19,37.61758152,127.0217389
서울특별시,강북구,삼양로,서울특별시 강북구 삼양로54길 60,37.62328133,127.0213105
서울특별시,강북구,도봉로,서울특별시 강북구 도봉로8길 32,37.61215438,127.0318077
서울특별시,강북구,도봉로,서울특별시 강북구 도봉로8길 8,37.61268086,127.0306799
서울특별시,강북구,도봉로,서울특별시 강북구 도봉로10길 46,37.61464852,127.0310386
서울특별시,강북구,도봉로,서울특별시 강북구 도봉로10길 73,37.61587036,127.0306631
서울특별시,강북구,오현로,서울특별시 강북구 오현로21길 88,37.62517872,127.0330457
서울특별시,강북구,오현로,서울특별시 강북구 오현로21길 76,37.612849,127.034268
서울특별시,강북구,오현로,서울특별시 강북구 오현로21길 62,37.62530821,127.0339339
서울특별시,강북구,도봉로,서울특별시 강북구 도봉로67길 18,37.63072764,127.0226665
서울특별시,강북구,도봉로,서울특별시 강북구 도봉로67길 18,37.63072764,127.0226665
서울특별시,강북구,오현로,서울특별시 강북구 오현로 128,37.62410326,127.0379751
서울특별시,강북구,월계로,서울특별시 강북구 월계로 173,37.62025563,127.0443254
서울특별시,강북구,도봉로,서울특별시 강북구 도봉로 338,37.612849,127.030592
서울특별시,강북구,도봉로,서울특별시 강북구 도봉로 338,37.612849,127.030592
서울특별시,강북구,도봉로,서울특별시 강북구 도봉로 338,37.612849,127.030592
서울특별시,강북구,한천로,서울특별시 강북구 한천로 1019,37.63886777,127.028174
서울특별시,강북구,오패산로,서울특별시 강북구 오패산로 406,37.63717057,127.0270418
서울특별시,강북구,오패산로,서울특별시 강북구 오패산로 390,37.63616116,127.0283511
서울특별시,강북구,덕릉로,서울특별시 강북구 덕릉로 108,37.63465894,127.0256451
서울특별시,강북구,덕릉로,서울특별시 강북구 덕릉로 136,37.63484922,127.0287721
서울특별시,강북구,덕릉로,서울특별시 강북구 덕릉로 162,37.63512592,127.0319081
서울특별시,강북구,솔샘로,서울특별시 강북구 솔샘로 255,37.61960251,127.0213311
서울특별시,종로구,숭인동길,서울특별시 종로구 숭인동길 39,37.576939,127.022001
서울특별시,종로구,종로5길,서울특별시 종로구 종로5길 30,37.57167434,126.980701
서울특별시,종로구,효자로,서울특별시 종로구 효자로 57,37.581045,126.973602
서울특별시,종로구,혜화로,서울특별시 종로구 혜화로 1,37.585924,127.0007091
서울특별시,종로구,혜화로,서울특별시 종로구 혜화로 12,37.58685452,127.000312
서울특별시,종로구,혜화로,서울특별시 종로구 혜화로 32,37.588391,126.999717
서울특별시,종로구,통일로12길,서울특별시 종로구 통일로12길 23,37.573834,126.960538
서울특별시,종로구,새문안로2길,서울특별시 종로구 새문안로2길 10,37.56870301,126.971984
서울특별시,종로구,율곡로,서울특별시 종로구 율곡로 235,37.575756,127.005021
서울특별시,종로구,창경궁로,서울특별시 종로구 창경궁로 237,37.583035,126.998637
서울특별시,종로구,새문안로,서울특별시 종로구 새문안로 96,37.569998,126.975498
서울특별시,종로구,경희궁2길,서울특별시 종로구 경희궁2길 9-4,37.573568,126.971204
서울특별시,종로구,종로,서울특별시 종로구 종로 322,37.572226,127.013539
서울특별시,종로구,사직로,서울특별시 종로구 사직로 73,37.574936,126.967743
서울특별시,종로구,북악산로,서울특별시 종로구 북악산로 267,37.601895,126.981581
서울특별시,종로구,종로,서울특별시 종로구 종로 347,37.573905,127.015756
서울특별시,종로구,창의문로,서울특별시 종로구 창의문로 51,37.58917094,126.972291
서울특별시,종로구,북촌로15길,서울특별시 종로구 북촌로15길 2,37.585924,126.983714
서울특별시,종로구,창의문로5가길,서울특별시 종로구 창의문로5가길 1,37.5916275,126.963659
서울특별시,종로구,창의문로,서울특별시 종로구 창의문로 149,37.593134,126.963797
서울특별시,종로구,자하문로,서울특별시 종로구 자하문로 235,37.595275,126.963561
서울특별시,종로구,서순라길,서울특별시 종로구 서순라길 21,37.571613,126.993791
서울특별시,종로구,자하문로35길,서울특별시 종로구 자하문로35길,37.590944,126.966597
서울특별시,종로구,자하문로35길,서울특별시 종로구 자하문로35길,37.590481,126.965355
서울특별시,종로구,자하문로35길,서울특별시 종로구 자하문로35길,37.589449,
서울특별시,종로구,낙산성곽1길,서울특별시 종로구 낙산성곽1길 7,37.57242047,127.009597
서울특별시,종로구,송월1길,서울특별시 종로구 송월1길 73-7,37.573281,126.965254
서울특별시,종로구,낙산성곽동길,서울특별시 종로구 낙산성곽동길 72,37.578781,127.008671
서울특별시,종로구,종로,서울특별시 종로구 종로 230-2,37.570864,127.003371
서울특별시,종로구,종로,서울특별시 종로구 종로 244-1,37.570881,127.004878
서울특별시,종로구,종로,서울특별시 종로구 종로 298,37.571567,127.010944
서울특별시,종로구,종로52길12,서울특별시 종로구 종로52길12,37.571653,127.0130949
서울특별시,종로구,종로54길19,서울특별시 종로구 종로54길19,37.571459,127.014138
서울특별시,종로구,지봉로5길,서울특별시 종로구 지봉로5길 4,37.574349,127.015563
서울특별시,종로구,지봉로,서울특별시 종로구 지봉로 9,37.570949,127.015626
서울특별시,종로구,지봉로,서울특별시 종로구 지봉로 70,37.576186,127.015656
서울특별시,종로구,지봉로,서울특별시 종로구 지봉로 20,37.571887,
서울특별시,종로구,대학로10길,서울특별시 종로구 대학로10길 17,37.581758,127.003334
서울특별시,종로구,대학로8길,서울특별시 종로구 대학로8길 7,37.580814,127.003334
서울특별시,종로구,대학로10길,서울특별시 종로구 대학로10길 11,37.581777,127.002874
서울특별시,종로구,대학로8가길,서울특별시 종로구 대학로8가길 36,37.582556,127.002353
서울특별시,종로구,인사동5길,서울특별시 종로구 인사동5길 41,37.572257,126.984345
서울특별시,종로구,북촌로,서울특별시 종로구 북촌로 127,37.586893,126.983521
서울특별시,종로구,대학로,서울특별시 종로구 대학로 120,37.581843,127.002123
서울특별시,종로구,새문안로9길,서울특별시 종로구 새문안로9길 9,37.570764,126.975918
서울특별시,종로구,삼청로,서울특별시 종로구 삼청로 108,37.585041,126.982137
서울특별시,종로구,대학로,서울특별시 종로구 대학로 64,37.576877,127.002369
서울특별시,종로구,대학로,서울특별시 종로구 대학로 93,37.57959889,127.001976
서울특별시,종로구,대학로,서울특별시 종로구 대학로 156,37.585467,127.001626
서울특별시,종로구,대명길,서울특별시 종로구 대명길 3,37.583398,127.001508
서울특별시,종로구,혜화로,서울특별시 종로구 혜화로 63,37.591979,126.999239
서울특별시,종로구,혜화로,서울특별시 종로구 혜화로 50,37.589879,126.999286
서울특별시,종로구,동숭길,서울특별시 종로구 동숭길 133,37.58337305,127.002609
서울특별시,종로구,동숭길,서울특별시 종로구 동숭길 101,37.582667,127.003884
서울특별시,종로구,돈화문로,서울특별시 종로구 돈화문로 45,37.572498,126.991473
서울특별시,종로구,자하문로,서울특별시 종로구 자하문로 13-1,37.577275,126.972047
서울특별시,종로구,자하문로,서울특별시 종로구 자하문로 27,37.578599,126.971495
서울특별시,종로구,자하문로,서울특별시 종로구 자하문로 69,37.582454,126.970463
서울특별시,종로구,자하문로,서울특별시 종로구 자하문로 119,37.586539,126.969656
서울특별시,종로구,자하문로,서울특별시 종로구 자하문로 273,37.598034,126.962094
서울특별시,종로구,백석동길,서울특별시 종로구 백석동길 11,37.593047,126.965849
서울특별시,종로구,평창문화로,서울특별시 종로구 평창문화로 75,37.60686264,126.969103
서울특별시,종로구,평창문화로,서울특별시 종로구 평창문화로 52,37.605652,126.967231
서울특별시,종로구,창경궁로11길,서울특별시 종로구 창경궁로11길 3,37.569667,126.997688
서울특별시,종로구,북촌로,서울특별시 종로구 북촌로 53,37.581691,126.984999
서울특별시,종로구,북촌로4길,서울특별시 종로구 북촌로4길 7,37.579201,126.985468
서울특별시,종로구,율곡로3길,서울특별시 종로구 율곡로3길 87,37.579527,126.982146
서울특별시,종로구,삼봉로,서울특별시 종로구 삼봉로 78-1,37.572121,126.981492
서울특별시,종로구,인사동길,서울특별시 종로구 인사동길 47,37.574387,126.984272
서울특별시,종로구,인사동길,서울특별시 종로구 인사동길 40,37.573954,126.985022
서울특별시,종로구,인사동길,서울특별시 종로구 인사동길 23-1,37.572939,126.986203
서울특별시,종로구,인사동길,서울특별시 종로구 인사동길 9,37.571741,126.986947
서울특별시,종로구,돈화문로,서울특별시 종로구 돈화문로 56-1,37.573543,126.991329
서울특별시,종로구,돈화문로,서울특별시 종로구 돈화문로 36-1,37.571712,126.991921
서울특별시,종로구,돈화문로,서울특별시 종로구 돈화문로 9,37.569306,126.992144
서울특별시,종로구,김상옥로,서울특별시 종로구 김상옥로 71,37.573646,127.005786
서울특별시,종로구,김상옥로,서울특별시 종로구 김상옥로 54,37.573364,127.003683
서울특별시,종로구,성균관로,서울특별시 종로구 성균관로 17,37.584326,126.997443
서울특별시,종로구,종로,서울특별시 종로구 종로 116-1,37.570144,126.990433
서울특별시,종로구,종로,서울특별시 종로구 종로 141-1,37.570618,126.993308
서울특별시,종로구,종로,서울특별시 종로구 종로 148-1,37.570313,126.994086
서울특별시,종로구,종로,서울특별시 종로구 종로 206,37.570772,127.000633
서울특별시,종로구,자하문로33길,서울특별시 종로구 자하문로33길 22-1,37.586269,126.968635
서울특별시,종로구,율곡로14길,서울특별시 종로구 율곡로14길 40,37.574305,127.0032042
서울특별시,종로구,성균관로13길,서울특별시 종로구 성균관로13길 63,37.591126,126.995144
서울특별시,종로구,비봉길,서울특별시 종로구 비봉길 23,37.611546,126.9563721
서울특별시,종로구,필운대로,서울특별시 종로구 필운대로 87-2,37.583757,126.967316
서울특별시,종로구,사직로8길,서울특별시 종로구 사직로8길 13,37.574936,126.970238
서울특별시,종로구,자하문로43길,서울특별시 종로구 자하문로43길 2,37.598687,126.960875
서울특별시,종로구,세검정로6다길,서울특별시 종로구 세검정로6다길 10,37.601661,126.962604
서울특별시,종로구,종로65길,서울특별시 종로구 종로65길 10,37.574975,127.019838
서울특별시,종로구,옥인길,서울특별시 종로구 옥인길 18,37.580694,126.967469
서울특별시,종로구,삼일대로,서울특별시 종로구 삼일대로 444-1,37.574175,126.987573
서울특별시,종로구,세종대로,서울특별시 종로구 세종대로 175,37.571736,126.975468
서울특별시,종로구,새문안로,서울특별시 종로구 새문안로 92,37.569537,126.974443
서울특별시,종로구,삼일대로,서울특별시 종로구 삼일대로 445,37.574267,126.987055
서울특별시,종로구,삼일대로,서울특별시 종로구 삼일대로 457,37.575367,126.986563
서울특별시,종로구,삼일대로,서울특별시 종로구 삼일대로 428,37.571041,126.987806
서울특별시,종로구,수표로,서울특별시 종로구 수표로 127,37.572472,126.988537
서울특별시,종로구,수표로,서울특별시 종로구 수표로 115,37.571491,126.989158
서울특별시,종로구,수표로,서울특별시 종로구 수표로 90-1,37.569292,126.989556
서울특별시,종로구,사직로8길,서울특별시 종로구 사직로8길 31,37.574424,126.971579
서울특별시,종로구,사직로,서울특별시 종로구 사직로 95,37.576275,126.969346
서울특별시,종로구,종로266,서울특별시 종로구 종로266,37.570867,127.006829
서울특별시,종로구,사직로8길,서울특별시 종로구 사직로8길 4,37.574719,126.970242
서울특별시,종로구,통일로14길,서울특별시 종로구 통일로14길 6-5,37.574786,126.958525
서울특별시,종로구,진흥로,서울특별시 종로구 진흥로 439,37.608028,126.957646
서울특별시,종로구,진흥로,서울특별시 종로구 진흥로 487,37.604895,126.961184
서울특별시,종로구,자하문로,서울특별시 종로구 자하문로 6,37.576586,126.9726876
서울특별시,종로구,율곡로,서울특별시 종로구 율곡로 264,37.573627,127.006691
서울특별시,종로구,지봉로13길,서울특별시 종로구 지봉로13길 14,37.578408,127.0144675
서울특별시,종로구,낙산5길,서울특별시 종로구 낙산5길 33,37.578836,127.010898
서울특별시,종로구,낙산길,서울특별시 종로구 낙산길 250,37.581338,127.013139
서울특별시,종로구,낙산길,서울특별시 종로구 낙산길 250,37.582172,127.0146229
서울특별시,종로구,동망산길,서울특별시 종로구 동망산길 66-1,37.579708,127.017096
서울특별시,종로구,낙산4길,서울특별시 종로구 낙산4길 24,37.578789,127.007179
서울특별시,종로구,혜화로6길,서울특별시 종로구 혜화로6길 63,37.589438,127.001478
서울특별시,종로구,대학로3길,서울특별시 종로구 대학로3길 9,37.574144,127.001246
서울특별시,종로구,창경궁로,서울특별시 종로구 창경궁로 288,37.586262,127.002023
서울특별시,종로구,삼일대로,서울특별시 종로구 삼일대로 454,37.575196,126.987028
서울특별시,종로구,북촌로6길,서울특별시 종로구 북촌로6길 1,37.580071,126.985109
서울특별시,종로구,자하문로17길,서울특별시 종로구 자하문로17길 23,37.581354,126.969487
서울특별시,종로구,자하문로10길,서울특별시 종로구 자하문로10길 8,37.579399,126.972013
서울특별시,종로구,자하문로28길,서울특별시 종로구 자하문로28길 8,37.585046,126.9711012
서울특별시,종로구,자하문로,서울특별시 종로구 자하문로 306,37.599703,126.959064
서울특별시,종로구,홍지문2길,서울특별시 종로구 홍지문2길 1,37.600788,126.956861
서울특별시,종로구,필운대로,서울특별시 종로구 필운대로 103,37.584074,126.968901
서울특별시,종로구,인왕산로1길,서울특별시 종로구 인왕산로1길 21,37.574546,126.964512
서울특별시,종로구,북촌로4길,서울특별시 종로구 북촌로4길 27,37.579366,126.986666
서울특별시,종로구,세검정로7길,서울특별시 종로구 세검정로7길 19,37.602735,126.960755
서울특별시,종로구,세검정로9길,서울특별시 종로구 세검정로9길 19,37.603958,126.961269
서울특별시,종로구,사직로9길,서울특별시 종로구 사직로9길 16-1,37.57708069,126.967844
서울특별시,종로구,필운대로,서울특별시 종로구 필운대로 9-2,37.577185,126.969199
서울특별시,종로구,성균관로,서울특별시 종로구 성균관로 74-1,37.589234,126.997408
서울특별시,종로구,창신5길,서울특별시 종로구 창신5길 77,37.574683,127.013793
서울특별시,종로구,지봉로5길,서울특별시 종로구 지봉로5길 20,37.574923,127.014778
서울특별시,종로구,대학로11길,서울특별시 종로구 대학로11길 27,37.582096,127.0001329
서울특별시,종로구,지봉로5길,서울특별시 종로구 지봉로5길 5,37.57418871,127.015158
서울특별시,종로구,동숭3길,서울특별시 종로구 동숭3길 8,37.581284,127.004599
서울특별시,광진구,강변역로,서울특별시 광진구 강변역로 53,37.535491,127.094703
서울특별시,동작구,사당로,서울특별시 동작구 사당로,37.491917,126.963862
서울특별시,성북구,종암로,서울특별시 성북구 종암로 80,37.597195,127.03544
서울특별시,은평구,통일로,서울특별시 은평구 통일로 586,37.599297,126.937042
서울특별시,중구,동호로,서울특별시 중구 동호로,37.552169,127.012584
서울특별시,강북구,오패산로,서울특별시 강북구 오패산로 275,37.625813,127.029537
서울특별시,강남구,밤고개로,서울특별시 강남구 밤고개로,37.475277,127.106073
서울특별시,강남구,자곡로,서울특별시 강남구 자곡로,37.476387,127.108351
서울특별시,송파구,올림픽대로,서울특별시 송파구 올림픽대로,37.536625,127.112451
서울특별시,서초구,올림픽대로,서울특별시 서초구 올림픽대로,37.512451,127.002679
서울특별시,마포구,강변북로,서울특별시 마포구 강변북로,37.564623,126.883729
서울특별시,영등포구,서부간선도로,서울특별시 영등포구 서부간선도로,37.543197,126.887412
서울특별시,강남구,언주로,서울특별시 강남구 언주로 431,37.502173,127.042716
서울특별시,강남구,도곡로,서울특별시 강남구 도곡로,37.496115,127.053175
서울특별시,강남구,테헤란로,서울특별시 강남구 테헤란로,37.504331,127.049333
서울특별시,강남구,영동대로,서울특별시 강남구 영동대로 202,37.49692,127.070187
서울특별시,동작구,현충로,서울특별시 동작구 현충로,37.50713,126.966803
서울특별시,동작구,현충로,서울특별시 동작구 현충로,37.509412,126.963001
서울특별시,종로구,세종대로,서울특별시 종로구 세종대로 175,37.570551,126.977633
서울특별시,중구,남대문로,서울특별시 중구 남대문로,37.560676,126.975471
서울특별시,중구,동호로,서울특별시 중구 동호로 256,37.558826,127.006086
서울특별시,동대문구,한천로,서울특별시 동대문구 한천로 425-1,37.598573,127.06761
서울특별시,성북구,정릉로,서울특별시 성북구 정릉로,37.603762,127.031776
서울특별시,강북구,한천로,서울특별시 강북구 한천로,37.626751,127.047427
서울특별시,광진구,천호대로,서울특별시 광진구 천호대로 636,37.553251,127.08829
서울특별시,종로구,진흥로,서울특별시 진흥로 477,37.605526,126.96051
서울특별시,관악구,봉천로,서울특별시 관악구 봉천로 482,37.481803,126.953396
서울특별시,중구,퇴계로,서울특별시 중구 퇴계로 100,37.560423,126.982663
서울특별시,마포구,월드컵북로,서울특별시 마포구 월드컵북로 361,37.577172,126.892349
서울특별시,강남구,올림픽대로,서울특별시 강남구 올림픽대로,37.529755,127.045375
서울특별시,동대문구,장안벚꽃로,서울특별시 동대문구 장안벚꽃로 205,37.57833,127.076225
서울특별시,송파구,양재대로,서울특별시 송파구 양재대로,37.504305,127.123754
서울특별시,강남구,헌릉로,서울특별시 강남구 헌릉로,37.46466,127.094017
서울특별시,서초구,헌릉로,서울특별시 서초구 헌릉로,37.459113,127.077931
서울특별시,송파구,올림픽대로,서울특별시 송파구 올림픽대로,37.51761,127.077135
서울특별시,종로구,사직로,서울특별시 종로구 사직로,37.574797,126.968003
서울특별시,동작구,올림픽대로,서울특별시 동작구 올림픽대로,37.505406,126.975567
서울특별시,동작구,올림픽대로,서울특별시 동작구 올림픽대로,37.516152,126.950625
서울특별시,서초구,사임당로,서울특별시 서초구 사임당로,37.49105,127.023833
서울특별시,중랑구,면목로,서울특별시 중랑구 면목로 429,37.590293,127.08697
서울특별시,성북구,종암로,서울특별시 성북구 종암로 83,37.597562,127.034914
서울특별시,광진구,동일로,서울특별시 광진구 동일로 278,37.556221,127.072082
서울특별시,은평구,진흥로,서울특별시 은평구 진흥로 325,37.610761,126.946026
서울특별시,구로구,경인로,서울특별시 구로구 경인로 90,37.491352,126.832062
서울특별시,강남구,서울-용인고속도로,서울특별시 강남구 서울-용인고속도로,37.463385,127.093445
서울특별시,서대문구,모래내로,서울특별시 서대문구 모래내로334,37.580015,126.934105
서울특별시,서대문구,거북골로,서울특별시 서대문구 거북골로174,37.576852,126.911145
서울특별시,서대문구,거북골로,서울특별시 서대문구 거북골로150,37.575529,126.9131863
서울특별시,서대문구,통일로,서울특별시 서대문구 통일로34길28-11,37.585373,126.949701
서울특별시,서대문구,통일로,서울특별시 서대문구 통일로34길66,37.585542,126.950996
서울특별시,서대문구,충정로,서울특별시 서대문구 충정로18,37.560578,126.963472
서울특별시,서대문구,연희로,서울특별시 서대문구 연희로11라길2,37.568042,126.929676
서울특별시,서대문구,세무서길,서울특별시 서대문구 세무서5길39,37.591617,126.9446994
서울특별시,서대문구,인왕시장길,서울특별시 서대문구 인왕시장길18,37.591042,126.943453
서울특별시,서대문구,세무서길,서울특별시 서대문구 세무서길11,37.588771,126.945315
서울특별시,서대문구,응암로,서울특별시 서대문구 응암로25,37.576117,126.907605
서울특별시,서대문구,경기대로,서울특별시 서대문구 경기대로74,37.565416,126.964522
서울특별시,서대문구,북아현로,서울특별시 서대문구 북아현로5나길49,37.558794,126.953007
서울특별시,서대문구,연희로,서울특별시 서대문구 연희로135,37.56969202,126.9328392
서울특별시,서대문구,통일로,서울특별시 서대문구 통일로37길51,37.586027,126.944268
서울특별시,서대문구,백련사길,서울특별시 서대문구 백련사길39,37.580711,126.931259
서울특별시,서대문구,거북골로,서울특별시 서대문구 거북골로199-1,37.578296,126.908757
서울특별시,서대문구,홍은중앙로,서울특별시 서대문구 홍은중앙로43,37.595216,126.946695
서울특별시,서대문구,가좌로,서울특별시 서대문구 가좌로75,37.579798,126.928239
서울특별시,서대문구,수색로,서울특별시 서대문구 수색로6길17,37.571344,126.913379
서울특별시,서대문구,가재울미래로,서울특별시 서대문구 가재울미래로15,37.570561,126.9170769
서울특별시,서대문구,신촌로,서울특별시 서대문구 신촌로27길47,37.55744285,126.948764
서울특별시,서대문구,성산로,서울특별시 서대문구 성산로512-42,37.561611,126.943092
서울특별시,서대문구,연희로,서울특별시 서대문구 연희로154,37.570985,126.934422
서울특별시,서대문구,통일로,서울특별시 서대문구 통일로357,37.58199003,126.949799
서울특별시,서대문구,응암로,서울특별시 서대문구 응암로126,37.583519,126.914226
서울특별시,서대문구,증가로,서울특별시 서대문구 증가로144,37.577701,126.921589
서울특별시,서대문구,연희로,서울특별시 서대문구 연희로4길9,37.561669,126.927891
서울특별시,서대문구,연세로,서울특별시 서대문구 연세로5가길1,37.557061,126.936085
서울특별시,서대문구,통일로,서울특별시 서대문구 통일로9길11,37.566909,126.964405
서울특별시,서대문구,통일로,서울특별시 서대문구 통일로34길15,37.585681,126.948878
서울특별시,서대문구,충정로,서울특별시 서대문구 충정로6길39,37.56250211,126.966892
서울특별시,서대문구,연세로,서울특별시 서대문구 연세로5나길30-3,37.557752,126.933901
서울특별시,서대문구,연세로,서울특별시 서대문구 연세로5나길30-16,37.557528,126.934961
서울특별시,서대문구,신촌로,서울특별시 서대문구 신촌로11길40,37.558264,126.933559
서울특별시,서대문구,이화여대길,서울특별시 서대문구 이화여대8길28,37.558592,126.947083
서울특별시,서대문구,명지대길,서울특별시 서대문구 명지대길83,37.583646,126.923023
서울특별시,서대문구,증가로,서울특별시 서대문구 증가로12가길59,37.580477,126.918888
서울특별시,서대문구,세무서길,서울특별시 서대문구 세무서길31,37.589431,126.945461
서울특별시,서대문구,명물길,서울특별시 서대문구 명물길59,37.559128,126.9393768
서울특별시,서대문구,연세로,서울특별시 서대문구 연세로9길10-7,37.558871,126.936144
서울특별시,서대문구,연세로,서울특별시 서대문구 연세로4길40,37.557833,126.938875
서울특별시,서대문구,연세로,서울특별시 서대문구 연세로11길29,37.558829,126.935121
서울특별시,서대문구,명물길,서울특별시 서대문구 명물길12-6,37.557204,126.937664
서울특별시,서대문구,명물길,서울특별시 서대문구 명물길62,37.558721,126.939652
서울특별시,서대문구,성산로,서울특별시 서대문구 성산로22길12,37.560171,126.933624
서울특별시,서대문구,연세로,서울특별시 서대문구 연세로7안길1,37.557774,126.936161
서울특별시,서대문구,연희로,서울특별시 서대문구 연희로180,37.572897,126.935669
서울특별시,서대문구,세무서길,서울특별시 서대문구 세무서길59,37.59061635,126.946227
서울특별시,서대문구,명물길,서울특별시 서대문구 명물길41,37.55863142,126.9386999
서울특별시,서대문구,연희로,서울특별시 서대문구 연희로110,37.56766685,126.931734
서울특별시,서대문구,증가로,서울특별시 서대문구 증가로133,37.57732439,126.9226177
서울특별시,서대문구,증가로,서울특별시 서대문구 증가로22,37.57014643,126.9310356
서울특별시,서대문구,응암로,서울특별시 서대문구 응암로68,37.578967,126.910823
서울특별시,서대문구,거북골로,서울특별시 서대문구 거북골로21,37.58010092,126.9248819
서울특별시,서대문구,통일로,서울특별시 서대문구 통일로464,37.58996262,126.9432196
서울특별시,서대문구,증가로,서울특별시 서대문구 증가로114,37.576995,126.924917
서울특별시,서대문구,증가로,서울특별시 서대문구 증가로233,37.582004,126.913545
서울특별시,서대문구,증가로,서울특별시 서대문구 증가로208-1,37.58065549,126.9155697
서울특별시,서대문구,가좌로,서울특별시 서대문구 가좌로141,37.58449031,126.9237963
서울특별시,서대문구,가좌로,서울특별시 서대문구 가좌로123,37.58343022,126.9250965
서울특별시,서대문구,세검정로,서울특별시 서대문구 세검정로46,37.59212054,126.9462078
서울특별시,서대문구,홍은중앙로,서울특별시 서대문구 홍은중앙로100-2,37.599222,126.948435
서울특별시,서대문구,홍은중앙로,서울특별시 서대문구 홍은중앙로85,37.59885372,126.9473495
서울특별시,서대문구,간호대로,서울특별시 서대문구 간호대로26,37.59701362,126.9477556
서울특별시,서대문구,경기대로,서울특별시 서대문구 경기대로9길77,37.564541,126.959858
서울특별시,서대문구,북아현로,서울특별시 서대문구 북아현로82,37.564132,126.953796
서울특별시,서대문구,북아현로,서울특별시 서대문구 북아현로59-1,37.562442,126.955397
서울특별시,서대문구,경기대로,서울특별시 서대문구 경기대로37,37.5627781,126.961834
서울특별시,서대문구,명물길,서울특별시 서대문구 명물길14,37.557504,126.937646
서울특별시,서대문구,모래내로,서울특별시 서대문구 모래내로364,37.581795,126.936291
서울특별시,서대문구,가좌로,서울특별시 서대문구 가좌로50,37.578244,126.930351
서울특별시,서대문구,모래내로,서울특별시 서대문구 모래내로231,37.574805,126.924492
서울특별시,서대문구,모래내로,서울특별시 서대문구 모래내로151,37.569779,126.917696
서울특별시,서대문구,가재울로,서울특별시 서대문구 가재울로43,37.574796,126.920517
서울특별시,서대문구,이화여대길,서울특별시 서대문구 이화여대길82,37.559227,126.943941
서울특별시,서대문구,이화여대길,서울특별시 서대문구 이화여대길29,37.558291,126.9456249
서울특별시,서대문구,이화여대길,서울특별시 서대문구 이화여대길89,37.55905047,126.9433823
서울특별시,서대문구,신촌역로,서울특별시 서대문구 신촌역로10,37.55902227,126.9409943
서울특별시,서대문구,신촌역로,서울특별시 서대문구 신촌역로39,37.558924,126.941005
서울특별시,서대문구,독립문로,서울특별시 서대문구 독립문로42,37.56847328,126.9617945
서울특별시,서대문구,충정로,서울특별시 서대문구 충정로9길25-2,37.56442394,126.963817
서울특별시,서대문구,북아현로,서울특별시 서대문구 북아현로2길1,37.55857627,126.9565509
서울특별시,은평구,수색로276,서울특별시 은평구 수색로 276,37.58321448,126.8939923
서울특별시,은평구,응암동,서울특별시 은평구 응암동 61-53,37.60091568,126.9319959
서울특별시,은평구,진관1로,서울특별시 은평구 진관1로 55,37.63199016,126.925787
서울특별시,은평구,대조동,서울특별시 은평구 대조동 255-13,37.61209401,126.9200674
서울특별시,은평구,녹번로,서울특별시 은평구 녹번로 12,37.60326588,126.927312
서울특별시,은평구,은평터널로,서울특별시 은평구 은평터널로 150,37.59218566,126.9067785
서울특별시,은평구,갈현로,서울특별시 은평구 갈현로29길 27,37.61960504,126.9140179
서울특별시,은평구,불광로,서울특별시 은평구 불광로 177,37.62238207,126.9310756
서울특별시,은평구,연서로3길,서울특별시 은평구 연서로3길 40,37.60292818,126.9112576
서울특별시,은평구,연서로,서울특별시 은평구 연서로27길 27,37.61861937,126.9164484
서울특별시,은평구,서오릉로17길,서울특별시 은평구 서오릉로17길 15-19,37.61299788,126.9089174
서울특별시,은평구,통일로,서울특별시 은평구 통일로 715-12,37.60997237,126.9295333
서울특별시,은평구,불광동,서울특별시 은평구 불광동 70-1,37.62604567,126.9289395
서울특별시,은평구,진관1로,서울특별시 은평구 진관1로 21-10,37.63300437,126.9217255
서울특별시,은평구,서오릉로,서울특별시 은평구 서오릉로15길 7,37.61363087,126.9098752
서울특별시,은평구,증산서길,서울특별시 은평구 증산서길 107,37.58543677,126.9085149
서울특별시,은평구,진관동,서울특별시 은평구 진관동 8,37.64462051,126.9300865
서울특별시,은평구,연서로3나길,서울특별시 은평구 연서로3나길 2,37.602239,126.9132315
서울특별시,은평구,가좌로,서울특별시 은평구 응암동 가좌로 191-24,37.58840391,126.9186038
서울특별시,관악구,청룡4길,-,37.48014311,126.9438574
서울특별시,관악구,중앙길,서울특별시 관악구 중앙길 105,37.486033,126.949459
서울특별시,관악구,난곡로35길,-,37.47022776,126.9174434
서울특별시,관악구,난향동,서울특별시 관악구 난향동 1736-10,37.46303197,126.9189349
서울특별시,관악구,난곡로,서울특별시 관악구 난곡로 42,37.460571,126.920607
서울특별시,관악구,은천로,서울특별시 관악구 은천로 69,37.486829,126.9429033
서울특별시,관악구,양녕로,서울특별시 관악구 양녕로 74,37.4883794,126.946643
서울특별시,서대문구,홍연길,서울특별시 서대문구 홍연길 63-1,37.57629291,126.9300847
서울특별시,서대문구,북아현로,,37.56015301,126.950792
서울특별시,강남구,남부순환로,서울특별시 강남구 남부순환로 2726,37.485751,127.044071
서울특별시,은평구,구산동,서울특별시 은평구 구산동 159-2,37.61105112,126.9084057
서울특별시,은평구,갈현로,서울특별시 은평구 갈현로9길 18,37.60507778,126.9085136
서울특별시,은평구,가좌로6길,서울특별시 은평구 가좌로6길 21-1,37.58798759,126.9205332
서울특별시,은평구,연서로35길,서울특별시 은평구 연서로35길 38,37.62408406,126.9251926
서울특별시,은평구,연서로20길,서울특별시 은평구 연서로20길 20-8,37.61357878,126.9202282
서울특별시,은평구,통일로71길,서울특별시 은평구 통일로71길 24-30,37.61246338,126.9261156
서울특별시,은평구,은평로4길,서울특별시 은평구 은평로4길 20-1,37.59759438,126.9168926
서울특별시,은평구,녹번로,서울특별시 은평구 녹번로 12,37.60323188,126.9272906
서울특별시,은평구,통일로78길,서울특별시 은평구 통일로78길 12-4,37.61789898,126.9238542
서울특별시,은평구,증산동,서울특별시 은평구 증산동 223-13,37.58426408,126.9044678
서울특별시,서대문구,모래내로,서울특별시 서대문구 모래내로 209 삼거리,37.57352415,126.9228515
서울특별시,강동구,고덕로,서울특별시 강동구 고덕로80길 7,37.556539,127.165508
서울특별시,강동구,양재대로,서울특별시 강동구 양재대로156길 11,37.556636,127.144803
서울특별시,서초구,경부고속도로,서울특별시 서초구 경부고속도로,37.457765,127.045884
서울특별시,금천구,남부순환로,서울특별시 금천구 남부순환로,37.481769,126.886556
서울특별시,성동구,독서당로,서울특별시 성동구 독서당로 270,37.546693,127.019293
서울특별시,용산구,양녕로,서울특별시 용산구 양녕로,37.517526,126.958765
서울특별시,용산구,양녕로,서울특별시 용산구 양녕로,37.517401,126.958892
서울특별시,영등포구,국회대로,서울특별시 영등포구 국회대로 552,37.528436,126.895321
서울특별시,서초구,남부순환로,서울특별시 서초구 남부순환로 2406,37.47897,127.010182
서울특별시,강남구,광평로,서울특별시 강남구 광평로 144,37.484051,127.090221
서울특별시,서초구,강남대로,서울특별시 서초구 강남대로,37.52302,127.016503
서울특별시,강동구,강동대로,서울특별시 강동구 강동대로 245,37.521961,127.133194
서울특별시,강북구,인수봉로,서울특별시 강북구 인수봉로 136,37.631716,127.013775
서울특별시,강북구,인수봉로,서울특별시 강북구 인수봉로 269,37.643063,127.010855
서울특별시,강서구,공항대로,서울특별시 강서구 공항대로 69,37.560849,126.816183
서울특별시,광진구,천호대로,서울특별시 광진구 천호대로,37.54474,127.10457
서울특별시,동대문구,한천로,서울특별시 동대문구 한천로 58길 107,37.601301,127.071204
서울특별시,동작구,여의대방로,서울특별시 동작구 여의대방로 24,37.494368,126.911109
서울특별시,마포구,신촌로,서울특별시 마포구 신촌로,37.557192,126.956448
서울특별시,동대문구,고산자로,서울특별시 동대문구 고산자로,37.571167,127.008972
서울특별시,송파구,위례성대로,서울특별시 송파구 위례성대로,37.512247,127.127558
서울특별시,강남구,역삼로,서울특별시 강남구 역삼로 314,37.499876,127.049146
서울특별시,양천구,신정로,서울특별시 양천구 신정로 170,37.508396,126.84106
서울특별시,은평구,서오릉로,서울특별시 은평구 서오릉로 139,37.61124,126.917497
서울특별시,종로구,새문안로,서울특별시 종로구 새문안로 55,37.569954,126.971158
서울특별시,중랑구,경춘북로,서울특별시 중랑구 경춘북로,37.619434,127.104517
서울특별시,도봉구,해등로,서울특별시 도봉구 해등로 295,37.657396,127.022962
서울특별시,노원구,동일로,서울특별시 노원구 동일로 1449,37.661474,127.058807
서울특별시,서대문구,성산로,서울특별시 서대문구 성산로,37.560424,126.93461
서울특별시,관악구,호암로,서울특별시 관악구 호암로 467,37.460033,126.931382
서울특별시,중구,동호로,서울특별시 중구 동호로,37.553187,127.012181
서울특별시,광진구,뚝섬로,서울특별시 광진구 뚝섬로 553,37.534411,127.071637
서울특별시,서초구,잠원로,서울특별시 서초구 잠원로 127,37.51306,127.006271
서울특별시,서초구,신반포로,서울특별시 서초구 신반포로 41,37.501893,126.989491
서울특별시,서초구,헌릉로,서울특별시 서초구 헌릉로 177,37.45696,127.059746
서울특별시,서초구,신반포로,서울특별시 서초구 신반포로 100,37.503093,126.995453
서울특별시,강남구,봉은사로,서울특별시 강남구 봉은사로 105,37.504825,127.025033
서울특별시,강남구,봉은사로,서울특별시 강남구 봉은사로,37.504382,127.024887
서울특별시,중랑구,사가정로,서울특별시 중랑구 사가정로 393,37.5807,127.088943
서울특별시,강동구,양재대로,서울특별시 강동구 양재대로,37.556583,127.144694
서울특별시,강동구,양재대로,서울특별시 강동구 양재대로,37.556543,127.144544
서울특별시,동대문구,겸재로,서울특별시 동대문구 겸재로 21,37.584401,127.069166
서울특별시,중랑구,겸재로,서울특별시 중랑구 겸재로 78,37.58584,127.07689
서울특별시,영등포구,영등포로,서울특별시 영등포구 영등포로 356,37.51474,126.91783
서울특별시,영등포구,여의동로,서울특별시 영등포구 여의동로,37.52502,126.935227
서울특별시,동대문구,장안벚꽃로,서울특별시 동대문구 장안벚꽃로,37.583784,127.073216
서울특별시,동대문구,장안벚꽃로,서울특별시 동대문구 장안벚꽃로,37.583759,127.073227
서울특별시,강서구,방화대로,서울특별시 강서구 방화대로 산 116-9,37.582501,126.81832
서울특별시,강서구,방화대로,서울특별시 강서구 방화대로,37.576323,126.816998
서울특별시,강서구,방화대로,서울특별시 강서구 방화대로,37.575932,126.816538
서울특별시,중랑구,북부간선도로,서울특별시 중랑구 북부간선도로,37.6192,127.089147
서울특별시,서초구,서초대로,서울특별시 서초구 서초대로 41,37.486132,126.986972
서울특별시,서초구,동작대로,서울특별시 서초구 동작대로,37.485785,126.982442
서울특별시,서초구,방배로,서울특별시 서초구 방배로 58,37.479994,126.998838
서울특별시,서초구,경부고속도로,서울특별시 서초구 경부고속도로,37.497586,127.020537
서울특별시,서초구,경부고속도로,서울특별시 서초구 경부고속도로,37.500455,127.019808
서울특별시,강동구,양재대로,서울특별시 강동구 양재대로,37.528631,127.136458
서울특별시,강남구,선릉로,서울특별시 강남구 선릉로,37.500335,127.050793
서울특별시,강남구,도산대로,서울특별시 강남구 도산대로,37.52325,127.038949
서울특별시,금천구,디지털로,서울특별시 금천구 디지털로,37.477865,126.888143
서울특별시,관악구,보라매로,서울특별시 관악구 보라매로,37.4922,126.926732
서울특별시,영등포구,영중로,서울특별시 영등포구 영중로,37.519682,126.904892
서울특별시,양천구,목동동로,서울특별시 양천구 목동동로,37.520972,126.870761
서울특별시,영등포구,경인로,서울특별시 영등포구 경인로,37.516492,126.907133
서울특별시,강서구,강서로,서울특별시 강서구 강서로,37.53075,126.847519
서울특별시,구로구,서해안로,서울특별시 구로구 서해안로,37.488788,126.836463
서울특별시,강북구,솔샘로,서울특별시 강북구 솔샘로 184,37.620091,127.012211
서울특별시,도봉구,도봉로,서울특별시 도봉구 도봉로,37.680497,127.045268
서울특별시,노원구,덕릉로,서울특별시 노원구 덕릉로,37.657863,127.075237
서울특별시,광진구,능동로,서울특별시 광진구 능동로,37.548951,127.075067
서울특별시,중랑구,망우로,서울특별시 중랑구 망우로,37.599931,127.100267
서울특별시,성동구,뚝섬로,서울특별시 성동구 뚝섬로,37.541636,127.019615
서울특별시,중구,퇴계로,서울특별시 중구 퇴계로,37.562142,126.998606
서울특별시,종로구,종로,서울특별시 종로구 종로,37.570041,126.979355
서울특별시,종로구,창경궁로,서울특별시 종로구 창경궁로,37.585872,127.001741
서울특별시,은평구,통일로,서울특별시 은평구 통일로,37.630761,126.919493
서울특별시,서대문구,통일로,서울특별시 서대문구 통일로,37.591299,126.941402
서울특별시,동대문구,고산자로,서울특별시 동대문구 고산자로,37.578028,127.038192
서울특별시,구로구,남부순환로,서울특별시 구로구 남부순환로,37.490571,126.875015
서울특별시,종로구,새문안로,서울특별시 종로구 새문안로 38,37.568382,126.969544
서울특별시,서대문구,충정로,서울특별시 서대문구 충정로,37.565719,126.966389
서울특별시,송파구,송파대로,서울특별시 송파구 송파대로,37.513507,127.10019
서울특별시,송파구,송파대로,서울특별시 송파구 송파대로,37.513055,127.099961
서울특별시,송파구,올림픽로,서울특별시 송파구 올림픽로,37.513213,127.100434
서울특별시,송파구,올림픽로,서울특별시 송파구 올림픽로,37.513352,127.099743
서울특별시,송파구,잠실로,서울특별시 송파구 잠실로,37.511072,127.101532
서울특별시,송파구,송파대로,서울특별시 송파구 송파대로,37.508854,127.104096
서울특별시,금천구,시흥대로,서울특별시 금천구 시흥대로,37.438515,126.90288
서울특별시,금천구,시흥대로,서울특별시 금천구 시흥대로,37.438481,126.903432
서울특별시,서초구,남부순환로,서울특별시 서초구 남부순환로 2183,37.474269,126.991028
서울특별시,서초구,중앙로,서울특별시 서초구 중앙로,37.457198,127.013242
서울특별시,영등포구,국회대로,서울특별시 영등포구 국회대로,37.529182,126.917146
서울특별시,관악구,남부순환로,서울특별시 관악구 남부순환로 2028,37.475882,126.973407
서울특별시,관악구,문성로,서울특별시 관악구 문성로 214,37.479167,126.927369
서울특별시,성북구,안암로,서울특별시 성북구 안암로 80,37.582563,127.029616
서울특별시,은평구,통일로,서울특별시 은평구 통일로 793,37.614568,126.926101
서울특별시,서초구,태봉로,서울특별시 서초구 태봉로,37.462802,127.023263
서울특별시,서초구,태봉로,서울특별시 서초구 태봉로,37.464884,127.025194
서울특별시,서초구,동작대로,서울특별시 서초구 동작대로 168,37.491044,126.982928
서울특별시,서초구,헌릉로,서울특별시 서초구 헌릉로 25,37.463249,127.045991
서울특별시,광진구,구의강변로,서울특별시 광진구 구의강변로 84,37.537423,127.093366
서울특별시,성북구,삼양로,서울특별시 성북구 삼양로 75,37.609888,127.022593
서울특별시,구로구,안양천로,서울특별시 구로구 안양천로,37.504614,126.870686
서울특별시,강동구,올림픽대로,서울특별시 강동구 올림픽대로,37.554574,127.124103
서울특별시,금천구,시흥대로,서울특별시 금천구 시흥대로,37.455456,126.900058
서울특별시,강서구,공항대로,서울특별시 강서구 공항대로,37.548558,126.869018
서울특별시,성북구,화랑로,서울특별시 성북구 화랑로 192,37.607974,127.051869
서울특별시,성북구,동소문로,서울특별시 성북구 동소문로 186,37.598435,127.02188
서울특별시,서대문구,수색로,서울특별시 서대문구 수색로 102,37.572481,126.907909
서울특별시,동대문구,천호대로,서울특별시 동대문구 천호대로 453,37.56108,127.069021
서울특별시,용산구,강변북로,서울특별시 용산구 강변북로,37.526411,126.953058
서울특별시,광진구,강변북로,서울특별시 광진구 강변북로,37.545758,127.109504
서울특별시,중랑구,동부간선도로,서울특별시 중랑구 동부간선도로,37.612967,127.072476
서울특별시,서초구,중앙로,서울특별시 서초구 중앙로,37.457479,127.012764
서울특별시,서초구,과천대로,서울특별시 서초구 과천대로,37.46601,126.988126
서울특별시,은평구,통일로,서울특별시 은평구 통일로,37.639059,126.916776
서울특별시,성동구,내부순환로,서울특별시 성동구 내부순환로,37.563665,127.048921
서울특별시,중구,남대문로,서울특별시 중구 남대문로 39,37.561922,126.981589
서울특별시,동대문구,왕산로,서울특별시 동대문구 왕산로 4,37.575652,127.023885
서울특별시,성동구,천호대로,서울특별시 성동구 천호대로 405,37.561186,127.064966
서울특별시,강남구,삼성로,서울특별시 강남구 삼성로,37.519067,127.050321
서울특별시,서초구,남부순환로,서울특별시 서초구 남부순환로 2558,37.4837,127.02981
서울특별시,서초구,효령로,서울특별시 서초구 효령로,37.484783,127.016037
서울특별시,강북구,월계로,서울특별시 강북구 월계로 80,37.613863,127.038052
서울특별시,동작구,도림천로,서울특별시 동작구 도림천로,37.487975,126.914547
서울특별시,강남구,올림픽대로,서울특별시 강남구 올림픽대로,37.520003,127.063303
서울특별시,동대문구,장안벚꽃로,서울특별시 동대문구 장안벚꽃로 67,37.566291,127.07396
서울특별시,광진구,자양로,서울특별시 광진구 자양로 30,37.530573,127.086976
서울특별시,종로구,평창문화로,서울특별시 종로구 평창문화로 151,37.610685,126.977059
서울특별시,광진구,강변북로,서울특별시 광진구 강변북로,37.538713,127.100707
서울특별시,금천구,호암로,서울특별시 금천구 호암로,37.44759,126.920139
서울특별시,종로구,자하문로,서울특별시 종로구 자하문로 152,37.589083,126.967545
서울특별시,영등포구,올림픽대로,서울특별시 영등포구 올림픽대로,37.54785,126.888221
서울특별시,은평구,가좌로,서울특별시 은평구 가좌로 192,37.588099,126.919971
서울특별시,동대문구,왕산로,서울특별시 동대문구 왕산로,37.577774,127.030126
서울특별시,영등포구,국회대로,서울특별시 영등포구 국회대로,37.528788,126.917151
서울특별시,서대문구,성산로,서울특별시 서대문구 성산로 291,37.566356,126.923785
서울특별시,양천구,안양천로,서울특별시 양천구 안양천로,37.537605,126.886713
서울특별시,영등포구,여의대로,서울특별시 영등포구 여의대로,37.529006,126.928784
서울특별시,금천구,시흥대로,서울특별시 금천구 시흥대로 97,37.443732,126.903523
서울특별시,서대문구,수색로,서울특별시 서대문구 수색로 102,37.572506,126.90837
서울특별시,용산구,녹사평대로,서울특별시 용산구 녹사평대로,37.525715,126.991984
서울특별시,중구,세종대로,서울특별시 중구 세종대로 99,37.564746,126.976791
서울특별시,강동구,강동대로,서울특별시 강동구 강동대로 155,37.525561,127.124175
서울특별시,동작구,노량진로,서울특별시 동작구 노량진로,37.51298,126.927222
서울특별시,영등포구,노들로,서울특별시 영등포구 노들로,37.534264,126.906404
서울특별시,성동구,내부순환로,서울특별시 성동구 내부순환로,37.572151,127.038202
서울특별시,성동구,동부간선도로,서울특별시 성동구 동부간선도로,37.549863,127.057781
서울특별시,동대문구,내부순환로,서울특별시 동대문구 내부순환로,37.575745,127.034334
서울특별시,중랑구,용마산로,서울특별시 중랑구 용마산로 228,37.574022,127.087005
서울특별시,성북구,종암로,서울특별시 성북구 종암로 186-3,37.607017,127.031223
서울특별시,성북구,북부간선도로,서울특별시 성북구 북부간선도로,37.608892,127.053471
서울특별시,강동구,강동대로,서울특별시 강동구 강동대로 155,37.525934,127.124516
서울특별시,서초구,신반포로,서울특별시 서초구 신반포로 270,37.508612,127.012857
서울특별시,서초구,서초중앙로,서울특별시 서초구 서초중앙로 238,37.502744,127.01167
서울특별시,서초구,남부순환로,서울특별시 서초구 남부순환로 2183,37.474625,126.991117
서울특별시,강남구,논현로,서울특별시 강남구 논현로,37.524613,127.028351
서울특별시,강남구,헌릉로,서울특별시 강남구 헌릉로,37.464758,127.106587
서울특별시,강남구,헌릉로,서울특별시 강남구 헌릉로,37.465297,127.101465
서울특별시,은평구,진흥로,서울특별시 은평구 진흥로,37.610475,126.938868
서울특별시,강남구,영동대로,서울특별시 강남구 영동대로,37.525156,127.054752
서울특별시,중랑구,망우로,서울특별시 중랑구 망우로 436,37.599737,127.100551
서울특별시,강북구,도봉로,서울특별시 강북구 도봉로 87,37.61697,127.029678
서울특별시,용산구,독서당로,서울특별시 용산구 독서당로 39,37.531163,127.006665
서울특별시,금천구,남부순환로,서울특별시 금천구 남부순환로 1384,37.47969,126.904036
서울특별시,동대문구,왕산로,서울특별시 동대문구 왕산로 220,37.581313,127.046973
서울특별시,강서구,공항대로,서울특별시 강서구 공항대로 414,37.555557,126.852547
서울특별시,동작구,동작대로,서울특별시 동작구 동작대로,37.484907,126.981829
서울특별시,도봉구,도봉로,서울특별시 도봉구 도봉로 628,37.660171,127.041866
서울특별시,용산구,원효로,서울특별시 용산구 원효로 40,37.534187,126.949207
서울특별시,동대문구,장한로,서울특별시 동대문구 장한로 140,37.572398,127.071784
서울특별시,노원구,동일로,서울특별시 노원구 동일로 1414,37.654352,127.060651
서울특별시,구로구,경인로,서울특별시 구로구 경인로 233,37.497349,126.846388
서울특별시,강북구,삼양로,서울특별시 강북구 삼양로,37.614397,127.022264
서울특별시,성북구,아리랑로,서울특별시 성북구 아리랑로 68,37.59862,127.014231
서울특별시,양천구,목동로,서울특별시 양천구 목동로 31,37.512113,126.870775
서울특별시,강동구,동남로,서울특별시 강동구 동남로,37.547713,127.156037
서울특별시,강동구,성안로,서울특별시 강동구 성안로 200,37.541057,127.137756
서울특별시,강남구,선릉로,서울특별시 강남구 선릉로 228,37.495228,127.053598
서울특별시,노원구,노원로,서울특별시 노원구 노원로 192,37.637068,127.079722
서울특별시,송파구,올림픽로,서울특별시 송파구 올림픽로,37.519884,127.113905
서울특별시,광진구,아차산로,서울특별시 광진구 아차산로,37.549262,127.107806
서울특별시,중구,퇴계로,서울특별시 중구 퇴계로 187,37.560906,126.992793
서울특별시,구로구,남부순환로,서울특별시 구로구 오리로 1265,37.494336,126.831029
서울특별시,서초구,잠원로,서울특별시 서초구 잠원로,37.511017,127.007223
서울특별시,강남구,역삼로,서울특별시 강남구 역삼로 8길,37.492599,127.034151
서울특별시,강남구,선릉로,서울특별시 강남구 선릉로 103,37.486549,127.056731
서울특별시,강남구,자곡로,서울특별시 강남구 자곡로 55,37.467869,127.09373
서울특별시,강남구,밤고개로,서울특별시 강남구 밤고개로 23길,37.474127,127.109088
서울특별시,영등포구,도림로,서울특별시 영등포구 도림로,37.516204,126.89066
서울특별시,용산구,한남대로,서울특별시 용산구 한남대로,37.537518,127.004439
서울특별시,성북구,화랑로,서울특별시 성북구 화랑로13길 46,37.60532181,127.0416711
서울특별시,성북구,동소문로,서울특별시성북구동소문로40길57,37.60492559,127.0288738
서울특별시,성북구,숭인로,,37.6119945,127.0226231
서울특별시,성북구,숭인로,,37.6094656,127.0257176
서울특별시,성북구,동소문로,서울특별시 성북구 동소문로 118,37.59332657,127.0181758
서울특별시,성북구,정릉로,,37.6108546,126.9914545
서울특별시,성북구,종암로,서울특별시 성북구 종암로9길 20,37.59587096,127.0344052
서울특별시,성북구,서경로,,37.6082812,127.0132711
서울특별시,성북구,장월로,서울특별시 성북구 장월로 174,37.6194264,127.0537717
서울특별시,마포구,성암로,서울특별시 마포구 모래내로9길 30,37.56845246,126.9113201
서울특별시,마포구,월드컵로36길,서울특별시 마포구 월드컵로36길34,37.56697719,126.9050873
서울특별시,마포구,월드컵북로38길,서울특별시 마포구 월드컵북로38길26,37.57110397,126.9053628
서울특별시,마포구,월드컵북로,서울특별시 마포구 월드컵북로230,37.57014047,126.9038336
서울특별시,마포구,매봉산로,서울특별시 마포구 매봉산로 76,37.5782805,126.8938427
서울특별시,마포구,성암로,서울특별시 마포구 월드컵북로 400,37.58045008,126.8898953
서울특별시,마포구,상암산로,서울특별시 마포구 상암산로 48-6,37.57701208,126.8900996
서울특별시,마포구,월드컵북로,서울특별시 마포구 월드컵북로396,37.57944137,126.8903225
서울특별시,마포구,월드컵북로,서울특별시 마포구 월드컵북로416,37.58052733,126.8877261
서울특별시,마포구,월드컵북로,서울특별시 마포구 월드컵북로434,37.58162133,126.8860489
서울특별시,마포구,월드컵북로 54길,서울특별시 마포구 월드컵북로 54길 17,37.58132459,126.8885491
서울특별시,마포구,성미산로,서울특별시 마포구 성미산로 111,37.56350983,126.9191674
서울특별시,마포구,성미산로,서울특별시 마포구 성미산로 92,37.56099689,126.9177848
서울특별시,마포구,성미산로,서울특별시 마포구 성미산로38,37.55862516,126.9123503
서울특별시,마포구,월드컵북로,서울특별시 마포구 월드컵북로 99,37.56219089,126.9142295
서울특별시,마포구,월드컵북로,서울특별시 마포구 월드컵북로136,37.56502593,126.9124741
서울특별시,마포구,월드컵로32길,서울특별시 마포구 월드컵로32길 23,37.56283304,126.9056222
서울특별시,마포구,월드컵로,서울특별시 마포구 월드컵로204,37.56539984,126.9021328
서울특별시,마포구,모래내로,서울특별시 마포구 모래내로 5,37.56425505,126.9036872
서울특별시,마포구,모래내로,서울특별시 마포구 모래내로3길2,37.56464592,126.9057241
서울특별시,마포구,월드컵로36길,서울특별시 마포구 월드컵로 212,37.56631122,126.9016154
서울특별시,강동구,아리수로,서울특별시 강동구 아리수로50길 50,37.55768914,127.149669
서울특별시,강동구,성안로,서울특별시 강동구 성안로 76,37.530378,127.132033
서울특별시,강동구,상일로,서울특별시 강동구 상일로11길 110,37.553392,127.165104
서울특별시,마포구,망원로,서울특별시 마포구 망원로 29,37.55651074,126.9001435
서울특별시,마포구,망원로,서울특별시 마포구 포은로 117,37.55740797,126.9042936
서울특별시,마포구,연남로,서울특별시 마포구 동교로 225,37.56025128,126.9237661
서울특별시,마포구,연남로,서울특별시 마포구 연남로 92,37.56700132,126.9180634
서울특별시,마포구,연남로,서울특별시 마포구 연남로80,37.56617666,126.9190015
서울특별시,마포구,연남로,서울특별시 마포구 연남로 30,37.56271155,126.9218575
서울특별시,마포구,동교로,서울특별시 마포구 동교로 235-1,37.56105879,126.9241048
서울특별시,금천구,가산디지털2로 40,서울특별시 금천구 가산디지털2로 홍주 인터내셔널 앞 사거리,37.47227683,126.8833393
서울특별시,금천구,가산디지털1로 83,서울특별시 금천구 가산디지털1로 파트너스타워1차 앞 삼거리,37.47322077,126.8842986
서울특별시,금천구,가산디지털2로 165,서울특별시 금천구 가산디지털2로 백상스타타워2차 앞 사거리,37.48243138,126.8774639
서울특별시,금천구,가산디지털1로 205,서울특별시 금천구 가산디지털1로 KCC 웰츠벨리 앞 삼거리,37.48393878,126.8795739
서울특별시,금천구,시흥대로151길 45,서울특별시 금천구 시흥대로 덕산아파트상가 앞 사거리,37.47705419,126.8962169
서울특별시,금천구,독산로 87,서울특별시 금천구 독산로 시흥초등학교 앞 삼거리,37.45514961,126.9057636
서울특별시,금천구,가산로 7,서울특별시 금천구 가산로7 예수비전교회,37.470909,126.902008
서울특별시,금천구,범안로 1256,서울특별시 금천구 범안로1256 일공공일안경점,37.466429,126.901711
서울특별시,금천구,독산로 41,서울특별시 금천구 독산로41 은행나무확장도로,37.450842,126.905848
서울특별시,금천구,시흥대로48길 12-34,서울특별시 금천구 은행나무로12 경동택배,37.450124,126.903819
서울특별시,금천구,벚꽃로 286,서울특별시 금천구 벚꽃로286 가산디지털단지역앞,37.480473,126.883438
서울특별시,금천구,금하로24다길 50,서울특별시 금천구 금하로24다길50 시흥계곡입구,37.446707,126.910185
서울특별시,금천구,시흥대로40길 42,서울특별시 금천구 시흥대로40길42 영일빌라앞,37.447451,126.906016
서울특별시,금천구,시흥대로40길 111-5,서울특별시 금천구 시흥대로40길93 자연유아원앞,37.446301,126.905895
서울특별시,금천구,독산로50길 60,서울특별시 금천구 독산로50길60 한울중학교,37.462526,126.907659
서울특별시,금천구,디지털로9길 90,서울특별시 금천구 디지털로9길90 블랙야크,37.481246,126.885475
서울특별시,금천구,가산로9길 54,서울특별시 금천구 가산로9길54 LG전자,37.475933,126.889538
서울특별시,금천구,시흥대로40길 111-5,서울특별시 금천구 시흥대로40마길1,37.447218,126.907628
서울특별시,금천구,금하로24길 2,서울특별시 금천구 금하로24길2 카멜리아맞은편,37.451067,126.908533
서울특별시,금천구,독산로 105,서울특별시 금천구 독산로105 동산교회,37.456867,126.905491
서울특별시,금천구,금하로 750,서울특별시 금천구 금하로750 우방아파트,37.450028,126.912839
서울특별시,금천구,두산로 75,서울특별시 금천구 두산로75 빅마켓,37.469974,126.896224
서울특별시,금천구,독산로 178,서울특별시 금천구 독산로178 독산2동주민센터,37.463119,126.903923
서울특별시,금천구,시흥대로 244,서울특별시 금천구 시흥대로244 희명병원,37.455928,126.900367
서울특별시,금천구,시흥대로79길,서울특별시 금천구 도하어린이공원,37.458374,126.895001
서울특별시,금천구,두산로14길,서울특별시 금천구 두산로14길 가산중학교 앞,37.467868,126.895096
서울특별시,금천구,호암로 터널방향,서울특별시 금천구 호암로 터널방향,37.447242,126.919503
서울특별시,금천구,가산로 99,서울특별시 금천구 가산로 가산테라타워 교차로 앞,37.474541,126.890729
서울특별시,금천구,벚꽃로38길 29,서울특별시 금천구 벚꽃로 먹거리촌 앞 회전교차로,37.48232335,126.8846235
서울특별시,금천구,독산로85길 36,서울특별시 금천구 독산로 독산 오르페움타워 앞,37.47256276,126.9015929
서울특별시,금천구,가산로 146,서울특별시 금천구 가산로146 디지털단지오거리부근,37.478164,126.890928
서울특별시,금천구,가산로 20,서울특별시 금천구 가산로20 동신공업사맞은편,37.471238,126.900617
서울특별시,금천구,범안로 1236,서울특별시 금천구 범안로1236 말미사거리부근,37.466434,126.899108
서울특별시,금천구,문성로 48,서울특별시 금천구 문성로48 동아연립,37.476881,126.909061
서울특별시,금천구,가산디지털2로 129,서울특별시 금천구 가산디지털2로129 태림모피,37.479351,126.879245
서울특별시,금천구,독산로 139,서울특별시 금천구 독산로139 현대시장입구,37.459667,126.904914
서울특별시,금천구,독산로 199,서울특별시 금천구 독산로199 KFC,37.464851,126.902567
서울특별시,금천구,독산로 291,서울특별시 금천구 독산로291 천지랜드(남문시장),37.472855,126.903202
서울특별시,금천구,가산로 113,서울특별시 금천구 가산로113 두산아파트,37.475792,126.892987
서울특별시,금천구,범안로 1194,서울특별시 금천구 범안로 1194 화로구이,37.466482,126.894324
서울특별시,금천구,독산로 353,서울특별시 금천구 독산로353 KT구로지사부근,37.478375,126.903742
서울특별시,금천구,금하로 717,서울특별시 금천구 금하로717 에벤에셀프라자,37.450634,126.909732
서울특별시,금천구,독산로 238-1,서울특별시 금천구 독산로238-1 독산4동사무소,37.468161,126.902123
서울특별시,금천구,금하로 668,서울특별시 금천구 금하로668 금빛공원,37.453483,126.903905
서울특별시,금천구,금하로 635,서울특별시 금천구 금하로635 홍콩반점,37.454741,126.901792
서울특별시,금천구,범안로 1209,서울특별시 금천구 범안로1209 e편한세상독산,37.466505,126.896161
서울특별시,금천구,범안로 1138,서울특별시 금천구 범안로1138 독산역2번출구앞,37.465974,126.887996
서울특별시,금천구,가산디지털1로 165,서울특별시 금천구 가산디지털1로165 맥도날드,37.480058,126.881721
서울특별시,금천구,디지털로 193,서울특별시 금천구 디지털로193 마리오아울렛,37.478165,126.887836
서울특별시,금천구,독산로 16,서울특별시 금천구 독산로16 곰마트,37.448931,126.904735
서울특별시,금천구,금하로 694,서울특별시 금천구 금하로694 은행공원맞은편,37.451659,126.907241
서울특별시,금천구,벚꽃로 254,서울특별시 금천구 벚꽃로254 벽산디지털밸리삼거리,37.477093,126.884853
서울특별시,금천구,문성로 14-1,서울특별시 금천구 문성로14-1 청호센트레빌,37.476384,126.905205
서울특별시,금천구,독산로 337,서울특별시 금천구 독산로335-1 제일목재맞은편,37.476741,126.903585
서울특별시,금천구,가산로 77,서울특별시 금천구 가산로77 기업은행,37.473103,126.895142
서울특별시,금천구,가산로 122,서울특별시 금천구 가산로122 성지병원,37.476434,126.895142
서울특별시,은평구,연서로,서울특별시 은평구 연서로 55,37.60406763,126.914794
서울특별시,은평구,가좌로,서울특별시 은평구 가좌로 361,37.597677,126.9046049
서울특별시,은평구,통일로 660,서울특별시 은평구통일로 660,37.60349147,126.9321581
서울특별시,관악구,난우길,-,37.47708509,126.9183629
서울특별시,관악구,난향길,-,37.46265944,126.9176891
서울특별시,관악구,남부순환로163길,-,37.48546074,126.9228765
서울특별시,관악구,보라매로2길,-,37.48987752,126.929419
서울특별시,관악구,문성로,-,37.47739922,126.9119594
서울특별시,관악구,행운1라길,-,37.48318282,126.9571458
서울특별시,관악구,행운5길,서울특별시 관악구 봉천동 행운5길 35,37.4821808,126.958433
서울특별시,관악구,성현로,-,37.49062212,126.9550666
서울특별시,관악구,남현4길,서울특별시 관악구 남현동 남현4길 51 사당초등학교,37.4733014,126.973976
서울특별시,관악구,대학7길,-,37.46864133,126.9407672
서울특별시,관악구,문성로28길,-,37.47749148,126.9266664
서울특별시,관악구,양녕로6나길,-,37.48460643,126.9487102
서울특별시,관악구,신림로,-,37.4711744,126.9366122
서울특별시,관악구,호암로,서울특별시 관악구 신림동 호암로 494 윤경약국,37.4616989,126.932075
서울특별시,관악구,봉천로,-,37.48062801,126.9559177
서울특별시,관악구,광신길,-,37.4664409,126.9271661
서울특별시,관악구,광신1길,서울특별시 관악구 신림동 광신길 211,37.46688356,126.9290789
서울특별시,관악구,국회단지4길,-,37.4870854,126.942014
서울특별시,관악구,낙성대로,서울특별시 관악구 봉천동 낙성대로 22,37.47655988,126.9588468
서울특별시,관악구,조원로,-,37.48386095,126.9094715
서울특별시,관악구,관악로5길,-,37.47694567,126.9515291
서울특별시,관악구,남부순환로163나길,-,37.48440143,126.9219222
서울특별시,관악구,남부순환로154길,-,37.48099882,126.9199726
서울특별시,관악구,원신길,-,37.47173561,126.9331313
서울특별시,관악구,남부순환로,서울특별시 관악구 남부순환로 1430,37.4791136,126.9104549
서울특별시,동작구,동작대로,서울특별시 동작구 동작대로 157,37.49081,126.982332
서울특별시,관악구,난곡로,-,37.46713937,126.9204763
서울특별시,관악구,난곡로,-,37.46517673,126.9194554
서울특별시,관악구,조원로,-,37.48344319,126.905266
서울특별시,관악구,남부순환로,-,37.4837142,126.9268766
서울특별시,관악구,쑥고개로,서울특별시 관악구 봉천동 쑥고개로 114-2 보눼르홈,37.4787941,126.949299
서울특별시,관악구,난곡로,-,37.46027352,126.9202575
서울특별시,관악구,원신길,서울특별시 관악구 신림동 원신길 139,37.466777,126.930341
서울특별시,관악구,원신3길,-,37.46926261,126.9316498
서울특별시,관악구,난향길,-,37.46299255,126.9173044
서울특별시,관악구,남부순환로,-,37.4825896,126.9420423
서울특별시,관악구,보라매로2길,-,37.48989553,126.9294133
서울특별시,관악구,신림동길,-,37.48705082,126.9260804
서울특별시,관악구,관천로,-,37.4843984,126.926324
서울특별시,관악구,남부순환로,-,37.484383,126.929231
서울특별시,관악구,신림동7길,서울특별시 관악구 신림동 신림동7길 34,37.4856862,126.926351
서울특별시,관악구,국회단지길,-,37.48869483,126.9415839
서울특별시,관악구,청룡4길,-,37.48025519,126.9427225
서울특별시,관악구,신림로58길,-,37.48219823,126.9305611
서울특별시,관악구,호암로26길,-,37.4705912,126.9349269
서울특별시,관악구,청룡4길,-,37.48106636,126.9432758
서울특별시,관악구,은천로19길,-,37.48887443,126.9475031
서울특별시,관악구,난곡로35길,-,37.46970063,126.9173847
서울특별시,관악구,관악로,-,37.47973912,126.9523117
서울특별시,관악구,시흥대로,-,37.48386674,126.9025943
서울특별시,관악구,봉천로,서울특별시 관악구 봉천동 봉천로 481,37.482142,126.953685
서울특별시,관악구,봉천로,서울특별시 관악구 봉천동 봉천로 330-1,37.485165,126.9370809
서울특별시,관악구,봉천로,-,37.48978481,126.9251788
서울특별시,마포구,망원로,서울특별시 마포구 망원로 87,37.55794303,126.9063799
서울특별시,성북구,동소문로,서울특별시 성북구 동소문로 225-15,37.60234677,127.0212718
서울특별시,은평구,갈현로,서울특별시 은평구 갈현로 15길 42,37.60917058,126.9071921
서울특별시,성북구,길음로,서울특별시 성북구 길음로13길 11,37.60822141,127.020227
서울특별시,성북구,보문로,서울특별시 성북구 보문로34길 77,37.59139463,127.0194888
서울특별시,성북구,장위로,서울특별시 성북구 장위로 58,37.61381947,127.0429806
서울특별시,성북구,고려대로,서울특별시 성북구 고려대로 82,37.58611663,127.0283276
서울특별시,성북구,길음로,서울특별시 성북구 길음로 33,37.60504961,127.022011
서울특별시,성북구,고려대로,서울특별시 성북구 고려대로 39,37.58666905,127.0237401
서울특별시,성북구,정릉로,서울특별시 성북구 정릉로 364,37.60147416,127.0236542
서울특별시,성북구,보문로,서울특별시 성북구 보문로 116,37.58554899,127.0194872
서울특별시,성북구,동소문로,서울특별시성북구동소문로258,37.60388853,127.0250139
서울특별시,성북구,종암로,서울특별시 성북구 종암로21길 71,37.60142529,127.0321837
서울특별시,성북구,돌곶이로,서울특별시 성북구 돌곶이로 221,37.61892532,127.0455162
서울특별시,성북구,종암로,서울특별시 성북구 종암로24길 35,37.6014282,127.0346388
서울특별시,성북구,보국문로,서울특별시 성북구 보국문로 79,37.61129341,127.0085351
서울특별시,성북구,동소문로,서울특별시 성북구 동소문로 197,37.59975547,127.0215519
서울특별시,성북구,안암로,서울특별시 성북구 안암로 99,37.58487973,127.0312346
서울특별시,성북구,보문로,서울특별시 성북구 보문로30가길 41-6,37.58935788,127.0223506
서울특별시,성북구,보국문로,서울특별시 성북구 보국문로 160,37.61691223,127.0036155
서울특별시,성북구,보문로,서울특별시 성북구 보문로32길 14,37.58940918,127.0173641
서울특별시,도봉구,도봉로,서울특별시 도봉구 도봉로 575,37.656643,127.039398
서울특별시,성북구,종암로,서울특별시 성북구 종암로27길 18,37.60288144,127.0316498
서울특별시,성북구,장월로,서울특별시 성북구 장월로 147,37.61815536,127.0511837
서울특별시,성북구,돌곶이로,서울특별시 성북구 돌곶이로 15,37.60593294,127.0616668
서울특별시,성북구,화랑로,서울특별시성북구화랑로11길5,37.60258291,127.0413479
서울특별시,성북구,오패산로,서울특별시 성북구 오패산로3길 9,37.60399006,127.0364791
서울특별시,성북구,동소문로,서울특별시 성북구 동소문로46길 18,37.60684624,127.0299391
서울특별시,성북구,보국문로,서울특별시 성북구 보국문로 19,37.60675594,127.0096943
서울특별시,성북구,돌곶이로,서울특별시 성북구 돌곶이로22길 49,37.61071591,127.0606514
서울특별시,성북구,돌곶이로,,37.6178705,127.0455126
서울특별시,성북구,장월로,서울특별시 성북구 장월로 86 (사거리),37.6134062,127.049187
서울특별시,성북구,월곡로,서울특별시 성북구 월곡로14길 26,37.60023267,127.0426512
서울특별시,성북구,동소문로,서울특별시 성북구 동소문로 248,37.60346697,127.0245563
서울특별시,성북구,성북로,서울특별시 성북구 성북로 5-1,37.58877243,127.0053215
서울특별시,성북구,보문로,서울특별시 성북구 보문로 149,37.58796397,127.017477
서울특별시,성북구,종암로,서울특별시 성북구 종암로172(건너편),37.60523835,127.0319361
서울특별시,성북구,종암로,서울특별시 성북구 종암로24가길 80,37.59931484,127.0392263
서울특별시,성북구,길음로,서울특별시 성북구 길음로9길 50,37.60269641,127.0209503
서울특별시,성북구,삼선교로,서울특별시 성북구 삼선교로 28,37.58792889,127.0088948
서울특별시,성북구,보문로,서울특별시 성북구 보문로14길 40,37.58061784,127.024422
서울특별시,성북구,정릉로,서울특별시성북구정릉로322,37.60217778,127.0189888
서울특별시,성북구,길음로,서울특별시 성북구 길음로 20,37.60475389,127.0230392
서울특별시,성북구,아리랑로,서울특별시 성북구 아리랑로 87,37.60011708,127.0133353
서울특별시,성북구,장월로,서울특별시 성북구 장월로1길 39-3,37.60652034,127.0459526
서울특별시,성북구,아리랑로,서울특별시 성북구 아리랑로5길 9,37.5964733,127.0147886
서울특별시,성북구,보문로,서울특별시 성북구 보문로 62-2,37.58101836,127.0219496
서울특별시,성북구,혜화로,서울특별시 성북구 혜화로 84,37.59269366,126.9985597
서울특별시,성북구,동소문로,서울특별시 성북구 동소문로17길 40,37.59392876,127.0158932
서울특별시,성북구,고려대로,서울특별시 성북구 고려대로24길 25,37.58504955,127.0295454
서울특별시,성북구,개운사길,서울특별시 성북구 개운사길 36,37.58800484,127.0294469
서울특별시,성북구,보문로,서울특별시 성북구 보문로 136,37.58706279,127.0186906
서울특별시,성북구,북악산로,서울특별시 성북구 북악산로 852-1,37.59884776,127.0187162
서울특별시,성북구,아리랑로,서울특별시 성북구 아리랑로 127,37.60312282,127.0130776
서울특별시,성북구,서경로,서울특별시 성북구 서경로 84,37.61073421,127.0145377
서울특별시,성북구,보국문로,서울특별시 성북구 보국문로 37,37.60788035,127.0098938
서울특별시,성북구,길음로,서울특별시 성북구 길음로7길 13,37.6039286,127.0229166
서울특별시,성북구,동소문로,서울특별시 성북구 동소문로44길 26,37.60617247,127.0292684
서울특별시,성북구,오패산로,서울특별시 성북구 오패산로 45,37.60604787,127.0366386
서울특별시,관악구,은천로,-,37.48620615,126.9378743
서울특별시,관악구,난곡로34길,-,37.47275858,126.9192325
서울특별시,관악구,신림로,-,37.47062416,126.9375552
서울특별시,관악구,난곡로,-,37.48603997,126.9135902
서울특별시,관악구,남현1길,서울특별시 관악구 남현동 남현1길 2,37.4757742,126.977584
서울특별시,관악구,낙성대로,-,37.47608135,126.9592131
서울특별시,관악구,인헌길,서울특별시 관악구 봉천동 인헌길 40,37.4737467,126.9666884
서울특별시,관악구,봉천로,-,37.47599962,126.9642059
서울특별시,관악구,문성로,-,37.47938889,126.9279506
서울특별시,관악구,조원로,서울특별시 관악구 신림동 조원로 123,37.4852709,126.915898
서울특별시,관악구,난우길,-,37.47623301,126.9174707
서울특별시,관악구,조원중앙로,-,37.48091329,126.9048706
서울특별시,관악구,호암로24길,-,37.4692762,126.937596
서울특별시,관악구,문성로,-,37.47740942,126.913569
서울특별시,관악구,인헌6길,서울특별시 관악구 봉천동 인헌6길 16,37.4740584,126.9657457
서울특별시,관악구,남부순환로,서울특별시 관악구 남부순환로 1430,37.4791136,126.9104549
서울특별시,관악구,남현1길,서울특별시 관악구 남현동 남현1길 50,37.47580287,126.9799726
서울특별시,관악구,신림로,-,37.48264728,126.9300095
서울특별시,관악구,은천로,-,37.48685134,126.9467724
서울특별시,관악구,신원로,-,37.48160128,126.9286297
서울특별시,관악구,남부순환로,-,37.48391948,126.9255493
서울특별시,관악구,관악로,-,37.48404704,126.9551243
서울특별시,관악구,관악로,-,37.48452004,126.9550519
서울특별시,은평구,수색로,서울특별시 은평구 수색로 255,37.581978,126.895459
서울특별시,은평구,연서로,서울특별시 은평구 연서로 415,37.632014,126.931161
서울특별시,강동구,양재대로,서울특별시 강동구 양재대로,37.534067,127.138849
서울특별시,중구,퇴계로,서울특별시 중구 퇴계로 314,37.564282,127.006579
서울특별시,중구,을지로,서울특별시 중구 을지로 35,37.566104,126.982428
서울특별시,종로구,종로,서울특별시 종로구 종로 344,37.572955,127.015943
서울특별시,중구,삼일대로,서울특별시 중구 삼일대로 298,37.561394,126.989237
서울특별시,종로구,종로,서울특별시 종로구 종로,37.570897,126.99759
서울특별시,양천구,신월로,서울특별시 양천구 신월로 1316-8,37.513825,126.828996
서울특별시,동작구,장승배기로,서울특별시 동작구 장승배기로,37.49962,126.943091
서울특별시,강남구,선릉로,서울특별시 강남구 선릉로 209,37.493178,127.054164
서울특별시,강북구,한천로,서울특별시 강북구 한천로 975,37.636544,127.031915
서울특별시,중랑구,사가정로,서울특별시 중랑구 사가정로,37.581231,127.080132
서울특별시,마포구,독막로,서울특별시 마포구 독막로13,37.54881348,126.9150641
서울특별시,마포구,와우산로30길,서울특별시 마포구 와우산로30길 36,37.5532633,126.9298391
서울특별시,마포구,와우산로,서울특별시 마포구 와우산로121,37.55351011,126.9267561
서울특별시,마포구,와우산로,서울특별시 마포구 와우산로143,37.55425026,126.9289464
서울특별시,마포구,와우산로,서울특별시 마포구 와우산로82,37.55174943,126.9237023
서울특별시,마포구,와우산로,서울특별시 마포구 와우산로72,37.55087347,126.923409
서울특별시,마포구,홍익로,서울특별시 마포구 홍익로11,37.5535043,126.9232886
서울특별시,마포구,와우산로,서울특별시 마포구 와우산로 48,37.54855612,126.923443
서울특별시,마포구,홍익로,서울특별시 마포구 홍익로1,37.55284163,126.924009
서울특별시,마포구,잔다리로,서울특별시 마포구 잔다리로24,37.55095807,126.9205525
서울특별시,마포구,양화로18안길,서울특별시 마포구 양화로18안길 21,37.55701251,126.9256707
서울특별시,마포구,와우산로35길,서울특별시 마포구 와우산로35길 53,37.55644447,126.9279257
서울특별시,마포구,잔다리로,서울특별시 마포구 잔다리로71,37.55389617,126.9165522
서울특별시,마포구,월드컵북로,서울특별시 마포구 월드컵북로31,37.55713766,126.9187035
서울특별시,마포구,동교로,서울특별시 마포구 동교로126,37.55474286,126.9162027
서울특별시,마포구,양화로,서울특별시 마포구 양화로19,37.54913864,126.9112479
서울특별시,마포구,희우정로,서울특별시 마포구 희우정로14,37.54882718,126.9092611
서울특별시,마포구,월드컵로,서울특별시 마포구 월드컵로1길 14,37.55005106,126.9120616
서울특별시,마포구,양화로3길,서울특별시 마포구 월드컵로1길 11,37.54946379,126.9123022
서울특별시,마포구,동교로,서울특별시 마포구 동교로 24,37.55204242,126.9052737
서울특별시,마포구,월드컵로,서울특별시 마포구 양화로 45,37.55150125,126.9139521
서울특별시,마포구,독막로20나길,서울특별시 마포구 독막로20나길 22,37.5460703,126.924894
서울특별시,마포구,독막로,서울특별시 마포구 와우산로40,37.54796851,126.9232037
서울특별시,마포구,서강로9길,서울특별시 마포구 서강로9길36,37.55389505,126.9316176
서울특별시,마포구,동교로,서울특별시 마포구 동교로198,37.55765592,126.9230217
서울특별시,마포구,연희로,서울특별시 마포구 연희로 21,37.56080082,126.926498
서울특별시,마포구,양화로,서울특별시 마포구 양화로133,37.5552327,126.9209826
서울특별시,마포구,월드컵로,서울특별시 마포구 월드컵로74,37.5557804,126.9107285
서울특별시,마포구,토정로,서울특별시 마포구 토정로56,37.5445329,126.9164178
서울특별시,관악구,남부순환로163길,-,37.48542111,126.9225458
서울특별시,관악구,조원로13길,-,37.48478044,126.9100696
서울특별시,관악구,조원로19길,-,37.4847582,126.911891
서울특별시,관악구,조원로13길,-,37.48475181,126.9109374
서울특별시,관악구,조원로13길,-,37.48504906,126.9108311
서울특별시,관악구,조원로13길,-,37.485372,126.912245
서울특별시,관악구,신사로,서울특별시 관악구 신림동 신사로 82 아데나534,37.48574833,126.9121447
서울특별시,관악구,난곡로75길,서울특별시 관악구 신림동 난곡로75길 7,37.485679,126.913291
서울특별시,관악구,관천로15길,서울특별시 관악구 신림동 관천로15길 82,37.4861456,126.9179955
서울특별시,관악구,관천로11길,-,37.483595,126.919886
서울특별시,관악구,남부순환로157길,-,37.48426503,126.9184088
서울특별시,관악구,남부순환로153길,-,37.4834277,126.9176635
서울특별시,관악구,남부순환로153길,-,37.48459298,126.9154998
서울특별시,관악구,청림3길,-,37.48813603,126.9601238
서울특별시,관악구,신림로,-,37.48746705,126.9289661
서울특별시,관악구,신원로,-,37.48154501,126.9286891
서울특별시,관악구,난곡로,-,37.47410179,126.9186092
서울특별시,관악구,신원로,-,37.48196865,126.9289657
서울특별시,관악구,쑥고개로,서울특별시 관악구 봉천동 쑥고개로 51,37.47970866,126.9421138
서울특별시,관악구,신림로3가길,-,37.46862861,126.9447294
서울특별시,관악구,신림로,-,37.4832485,126.9296627
서울특별시,관악구,남부순환로,-,37.4842092,126.9278075
서울특별시,관악구,신림로,-,37.47721157,126.9373688
서울특별시,관악구,과천대로,-,37.47570287,126.9814141
서울특별시,관악구,양녕로,-,37.485849,126.946736
서울특별시,관악구,신사로,-,37.487552,126.914587
서울특별시,관악구,남부순환로144길,-,37.4803643,126.912825
서울특별시,관악구,남부순환로144길,-,37.47939004,126.9129308
서울특별시,관악구,신사로10길,-,37.485497,126.915092
서울특별시,관악구,난곡로74길,-,37.486064,126.914994
서울특별시,관악구,신사로10길,-,37.486354,126.915159
서울특별시,관악구,신사로20길,-,37.48785149,126.917424
서울특별시,관악구,관천로15길,-,37.48708809,126.9210205
서울특별시,관악구,조원로,서울특별시 관악구 신림동 조원로 143,37.485691,126.918164
서울특별시,관악구,남부순환로161나길,-,37.48518042,126.9213476
서울특별시,마포구,독막로,서울특별시 마포구 독막로234,37.54652197,126.9394957
서울특별시,은평구,연서로,서울특별시 은평구 연서로 34길,37.6211896,126.9290475
서울특별시,은평구,불광로,서울특별시 은평구 불광로 14길,37.61954385,126.9332431
서울특별시,동대문구,왕산로,서울특별시 동대문구 왕산로 286,37.585653,127.051737
서울특별시,은평구,갈현로,서울특별시 은평구 갈현로 82,37.60540875,126.910488
서울특별시,은평구,연서로29길,서울특별시 은평구 연서로29길 25,37.61950535,126.9175505
서울특별시,은평구,서오릉로,서울특별시 은평구 서오릉로 211,37.61415704,126.9100768
서울특별시,은평구,응암로,서울특별시 은평구 응암로 243,37.593671,126.917791
서울특별시,은평구,진관1로,서울특별시 은평구 진관1로 21-35,37.63336308,126.9183396
서울특별시,은평구,통일로,서울특별시 은평구,37.611026,126.929174
서울특별시,은평구,은평로,서울특별시 은평구 은평로 127,37.600581,126.921958
서울특별시,은평구,서오릉로,서울특별시 은평구 서오릉로 253,37.61717661,126.9059206
서울특별시,은평구,통일로,서울특별시 은평구 통일로 1050,37.637515,126.9177904
서울특별시,은평구,은평로,서울특별시 은평구 은평로 38,37.59818739,126.9120947
서울특별시,은평구,가좌로,서울특별시 은평구 가좌로 276,37.5933429,126.9133437
서울특별시,은평구,연서로18가길,서울특별시 은평구 연서로18가길 1,37.6121646,126.919998
서울특별시,은평구,통일로69길,서울특별시 은평구 통일로69길 11,37.611389,126.927321
서울특별시,은평구,백련산로2길,서울특별시 은평구 백련산로2길 35,37.5907324,126.924523
서울특별시,동대문구,하정로,서울특별시 동대문구 하정로 44,37.574912,127.026788
서울특별시,동대문구,서울시립대로,,37.57509483,127.0466057
서울특별시,동대문구,서울시립대로5길,서울특별시 동대문구 서울시립대로5길 27,37.5763588,127.0457773
서울특별시,동대문구,회기로,서울특별시 동대문구 회기로 128-1,37.5913695,127.050745
서울특별시,동대문구,이문로,서울특별시 동대문구 이문로 161-1,37.60105821,127.062151
서울특별시,마포구,백범로36가길,서울특별시 마포구 백범로36가길 76,37.54563848,126.9458695
서울특별시,마포구,독막로,서울특별시 마포구 독막로291,37.54473731,126.9454854
서울특별시,마포구,독막로,서울특별시 마포구 독막로 301,37.54427645,126.946477
서울특별시,마포구,토정로,서울특별시 마포구 토정로221,37.54498822,126.9356134
서울특별시,마포구,광성로,서울특별시 마포구 광성로28,37.54929169,126.9361574
서울특별시,마포구,서강대길,서울특별시 마포구 서강대길 3,37.54946996,126.9393439
서울특별시,마포구,광성로,서울특별시 마포구 창전로88,37.55023074,126.9332776
서울특별시,마포구,백범로,서울특별시 마포구 백범로38,37.55122415,126.9375092
서울특별시,용산구,서빙고로,서울특별시 용산구 서빙고로 237,37.520467,126.990515
서울특별시,은평구,연서로27길,서울특별시 은평구 연서로27길 12,37.618033,126.918187
서울특별시,은평구,갈현로,서울특별시 은평구 갈현로 247,37.61913445,126.9154328
서울특별시,은평구,은평로,서울특별시 은평구 은평로 237,37.60104548,126.9341043
서울특별시,은평구,불광로,서울특별시 은평구 불광로 60,37.612209,126.9321304
서울특별시,은평구,연서로13길,서울특별시 은평구 연서로13길 19-1,37.60997373,126.9139878
서울특별시,은평구,응암로,서울특별시 은평구 응암로11길 5,37.58840547,126.9160053
서울특별시,은평구,은평로8길,서울특별시 은평구 은평로8길 42,37.59694549,126.9188663
서울특별시,은평구,증산서길,서울특별시 은평구 증산서길 53,37.5816542,126.9048558
서울특별시,은평구,연서로41길,서울특별시 은평구 연서로41길 14,37.62612523,126.9276676
서울특별시,관악구,남부순환로,서울특별시 관악구 남부순환로,37.484132,126.930227
서울특별시,용산구,서빙고로,서울특별시 용산구 서빙고로 246,37.519975,126.990862
서울특별시,은평구,진관길,서울특별시 은평구 진관길 18,37.64165262,126.9401823
서울특별시,은평구,백련산로,서울특별시 은평구 백련산로35,37.58896526,126.9226651
서울특별시,은평구,진관4로,서울특별시 은평구 진관4로 87,37.64801161,126.9300741
서울특별시,은평구,진관4로,서울특별시 은평구 진관4로 47,37.645795,126.9264701
서울특별시,은평구,진관4로,서울특별시 은평구 진관4로 17,37.644114,126.922732
서울특별시,은평구,진관3로,서울특별시 은평구 진관3로 70,37.64225902,126.923143
서울특별시,은평구,연서로,서울특별시 은평구 연서로 202,37.61656015,126.9190375
서울특별시,은평구,연서로,서울특별시 은평구 연서로 150,37.61209921,126.9175247
서울특별시,은평구,연서로,서울특별시 은평구 연서로 84,37.6067999,126.9154127
서울특별시,은평구,서오릉로,서울특별시 은평구 서오릉로 112,37.60978524,126.9198037
서울특별시,은평구,진관2로,서울특별시 은평구 진관2로 지하 15-25,37.63691325,126.9187605
서울특별시,은평구,진관2로,서울특별시 은평구 진관2로 60,37.63421352,126.9235869
서울특별시,은평구,진관2로,서울특별시 은평구 진관2로 77,37.6342335,126.9266854
서울특별시,은평구,진관2로,서울특별시 은평구 진관2로 77,37.6342267,126.9266061
서울특별시,은평구,진관3로,서울특별시 은평구 진관3로20,37.6390125,126.9186959
서울특별시,은평구,진관1로,서울특별시 은평구 진관1로 21-10,37.63448977,126.9190181
서울특별시,은평구,서오릉로,서울특별시 은평구 서오릉로 90,37.608155,126.921463
서울특별시,은평구,연서로,서울특별시 은평구 연서로,37.62952344,126.9301368
서울특별시,은평구,연서로,서울특별시 은평구 연서로273,37.62066347,126.9247032
서울특별시,은평구,연서로,서울특별시 은평구 연서로 252,37.61961705,126.9228401
서울특별시,은평구,통일로,서울특별시 은평구 통일로 850,37.61933885,126.9211102
서울특별시,은평구,진흥로,서울특별시 은평구 진흥로 150,37.60879855,126.9265632
서울특별시,은평구,진흥로,서울특별시 은평구 진흥로 45,37.60093764,126.9199717
서울특별시,은평구,불광천길,서울특별시 은평구 불광천길 326,37.58858075,126.9138709
서울특별시,은평구,응암로,서울특별시 은평구 응암로 220,37.5914802,126.917733
서울특별시,은평구,가좌로,서울특별시 은평구 가좌로 334,37.59780463,126.9078799
서울특별시,은평구,진흥로,서울특별시 은평구 진흥로 74-1,37.6034311,126.921604
서울특별시,은평구,진흥로,서울특별시 은평구 진흥로 121,37.60741702,126.9235818
서울특별시,은평구,역말로,서울특별시 은평구 역말로 134,37.6110097,126.9218438
서울특별시,은평구,서오릉로,서울특별시 은평구 서오릉로 140,37.61133444,126.9174463
서울특별시,은평구,서오릉로,서울특별시 은평구 서오릉로 177,37.61293665,126.9137026
서울특별시,은평구,응암로,서울특별시 은평구 응암로305,37.59873518,126.9206563
서울특별시,은평구,연서로48길,서울특별시 은평구 연서로48길 54,37.63977313,126.9401203
서울특별시,은평구,진관4로,서울특별시 은평구 진관4로 37,37.645032,126.924858
서울특별시,은평구,은평터널로,서울특별시 은평구 은평터널로 149,37.59231434,126.9066086
서울특별시,은평구,진관4로,서울특별시 은평구 진관4로 77,37.6469476,126.9286616
서울특별시,마포구,만리재옛길,서울특별시 마포구 만리재옛길 13,37.54580443,126.9548225
서울특별시,마포구,마포대로,서울특별시 마포구 마포대로 173,37.54990203,126.9544579
서울특별시,마포구,굴레방로,서울특별시 마포구 굴레방로11,37.55502024,126.9558943
서울특별시,마포구,신촌로34길,서울특별시 마포구 신촌로34길 41,37.55549929,126.9551426
서울특별시,마포구,마포대로11길,서울특별시 마포구 마포대로 197,37.55195616,126.9540719
서울특별시,마포구,마포대로19길,서울특별시 마포구 마포대로 201,37.55219817,126.9554976
서울특별시,마포구,삼개로,서울특별시 마포구 삼개로 19,37.5386403,126.9476125
서울특별시,마포구,새창로6길,서울특별시 마포구 도화4길 35,37.54046207,126.9516982
서울특별시,마포구,삼개로,서울특별시 마포구 삼개로29,37.5377501,126.9475679
서울특별시,마포구,마포대로4나길,서울특별시 마포구 마포대로4나길 28,37.53799783,126.9454858
서울특별시,마포구,삼개로,서울특별시 마포구 마포대로 52,37.54033781,126.9476611
서울특별시,마포구,도화길,서울특별시 마포구 도화길35,37.5412793,126.9496067
서울특별시,마포구,새창로,서울특별시 마포구 마포대로86,37.54264563,126.9505789
서울특별시,마포구,마포대로,서울특별시 마포구 토정로37길38,37.54205285,126.9466325
서울특별시,마포구,새창로,서울특별시 마포구 새창로 28,37.54166991,126.9529421
서울특별시,마포구,독막로22길,서울특별시 마포구 독막로22길 3-7,37.54707519,126.9297408
서울특별시,마포구,마포대로,서울특별시 마포구 마포대로63-8,37.54225881,126.9478136
서울특별시,마포구,큰우물로,서울특별시 마포구 마포대로 45,37.54047418,126.9463756
서울특별시,마포구,독막로,서울특별시 마포구 독막로 328,37.54261595,126.9486009
서울특별시,마포구,마포대로,서울특별시 마포구 마포대로 33,37.53998362,126.9454481
서울특별시,마포구,큰우물로,서울특별시 마포구 큰우물로 66,37.54146479,126.9453067
서울특별시,마포구,대흥로20길,서울특별시 마포구 대흥로20길28,37.54990546,126.945536
서울특별시,마포구,대흥로,서울특별시 마포구 대흥로53,37.54552368,126.9395237
서울특별시,마포구,백범로1길,서울특별시 마포구 백범로1길 56,37.55491917,126.9392942
서울특별시,광진구,강변역로4길,서울특별시 광진구 강변역로4길 10,37.535196,127.093391
서울특별시,광진구,강변역로4길,서울특별시 광진구 강변역로4길 56,37.533377,127.0921657
서울특별시,광진구,강변역로,서울특별시 광진구 강변역로 50,37.53453851,127.092866
서울특별시,강서구,등촌로,서울특별시 강서구 등촌로,37.541533,126.863225
서울특별시,양천구,등촌로,서울특별시 양천구 등촌로,37.54265,126.863041
서울특별시,영등포구,국회대로,서울특별시 영등포구 국회대로,37.529865,126.892773
서울특별시,영등포구,국회대로,서울특별시 영등포구 국회대로 608,37.52633,126.901458
서울특별시,금천구,가마산로,서울특별시 금천구 가마산로,37.485534,126.876747
서울특별시,금천구,시흥대로,서울특별시 금천구 시흥대로,37.466672,126.898039
서울특별시,노원구,화랑로,서울특별시 노원구 화랑로,37.633528,127.103507
서울특별시,성동구,마장로,서울특별시 성동구 마장로,37.568113,127.045535
서울특별시,송파구,송파대로,서울특별시 송파구 송파대로,37.4705,127.126467
서울특별시,마포구,월드컵로,서울특별시 마포구 월드컵로 36,37.552558,126.912392
서울특별시,마포구,만리재로,서울특별시 마포구 만리재로 89,37.548437,126.959115
서울특별시,구로구,남부순환로,서울특별시 구로구 남부순환로,37.488797,126.8764
서울특별시,강남구,논현로,서울특별시 강남구 논현로 50,37.474868,127.047735
서울특별시,금천구,금하로,서울특별시 금천구 금하로 783,37.449949,126.916522
서울특별시,강남구,분당-내곡간 고속화도로,서울특별시 강남구 분당-내곡간 고속화도로,37.474783,127.060154
서울특별시,서초구,반포대로,서울특별시 서초구 반포대로 121,37.490517,127.008117
서울특별시,동대문구,사가정로,서울특별시 동대문구 사가정로 111,37.57751,127.057498
서울특별시,서초구,사평대로,서울특별시 서초구 사평대로 60,37.497996,126.990826
서울특별시,영등포구,여의대방로,서울특별시 영등포구 여의대방로 189,37.503872,126.921592
서울특별시,강남구,양재대로,서울특별시 강남구 양재대로,37.488571,127.08217
서울특별시,구로구,남부순환로,서울특별시 구로구 남부순환로,37.501355,126.846381
서울특별시,성북구,동소문로,서울특별시 성북구 동소문로 72,37.59177,127.013506
서울특별시,동대문구,고산자로,서울특별시 동대문구 고산자로,37.574234,127.038223
서울특별시,강동구,천호대로,서울특별시 강동구 천호대로 1106,37.534982,127.134362
서울특별시,강남구,도산대로,서울특별시 강남구 도산대로 502,37.524,127.047768
서울특별시,광진구,광나루로,서울특별시 광진구 광나루로,37.541461,127.095891
서울특별시,성북구,한천로,서울특별시 성북구 한천로 636,37.615173,127.058516
서울특별시,노원구,동일로,서울특별시 노원구 동일로 1701,37.680607,127.055306
서울특별시,동대문구,한천로,서울특별시 동대문구 한천로 300,37.587731,127.068033
서울특별시,서대문구,성산로,서울특별시 서대문구 성산로,37.568734,126.948354
서울특별시,용산구,백범로,서울특별시 용산구 백범로 260,37.539971,126.959266
서울특별시,도봉구,덕릉로,서울특별시 도봉구 덕릉로 279,37.641765,127.040885
서울특별시,영등포구,영등포로,서울특별시 영등포구 영등포로,37.518799,126.912385
서울특별시,영등포구,영등포로,서울특별시 영등포구 영등포로,37.518797,126.912269
서울특별시,영등포구,영등포로,서울특별시 영등포구 영등포로,37.518594,126.913368
서울특별시,강남구,개포로,서울특별시 강남구 개포로,37.487367,127.062321
서울특별시,서초구,사평대로,서울특별시 서초구 사평대로 73,37.498223,126.992399
서울특별시,용산구,효창원로,서울특별시 용산구 효창원로 137,37.540307,126.961688
서울특별시,도봉구,방학로,서울특별시 도봉구 방학로 101,37.662881,127.042206
서울특별시,양천구,안양천로,서울특별시 양천구 안양천로 1039,37.534556,126.888006
서울특별시,강동구,천호대로,서울특별시 강동구 천호대로 1477,37.547037,127.173246
서울특별시,종로구,종로,서울특별시 종로구 종로,37.570562,126.997896
서울특별시,노원구,화랑로,서울특별시 노원구 화랑로 727,37.633234,127.102345
서울특별시,강서구,개화동로,서울특별시 강서구 개화동로,37.582012,126.797667
서울특별시,강서구,개화동로,서울특별시 강서구 개화동로,37.582007,126.797533
서울특별시,마포구,성산로,서울특별시 마포구 성산로,37.566072,126.914107
서울특별시,영등포구,도림천로,서울특별시 영등포구 도림천로,37.504506,126.893395
서울특별시,구로구,서해안로,서울특별시 구로구 서해안로,37.478231,126.820455
서울특별시,마포구,성산대교,서울특별시 마포구 성산로,37.560146,126.89651
서울특별시,광진구,동일로,서울특별시 광진구 동일로 398,37.565887,127.077604
서울특별시,영등포구,올림픽대로,서울특별시 영등포구 올림픽대로,37.546216,126.890233
서울특별시,강동구,올림픽대로,서울특별시 강동구 올림픽대로,37.566302,127.146317
서울특별시,종로구,세검정로,서울특별시 종로구 세검정로 259,37.602182,126.961096
서울특별시,송파구,올림픽대로,서울특별시 송파구 올림픽대로,37.521761,127.099898
서울특별시,종로구,창의문로,서울특별시 종로구 창의문로,37.584201,126.972692
서울특별시,중랑구,북부간선도로,서울특별시 중랑구 북부간선도로,37.616411,127.097554
서울특별시,종로구,창의문로,서울특별시 종로구 창의문로,37.588061,126.972365
서울특별시,용산구,강변북로,서울특별시 용산구 강변북로,37.524079,126.95537
서울특별시,강남구,남부순환로,서울특별시 강남구 남부순환로,37.488197,127.100312
서울특별시,양천구,목동서로,서울특별시 양천구 목동서로 225,37.526989,126.869927
서울특별시,용산구,한강대로,서울특별시 용산구 한강대로 323,37.547118,126.971614
서울특별시,도봉구,도봉로,서울특별시 도봉구 도봉로,37.689102,127.045344
서울특별시,도봉구,도봉로,서울특별시 도봉구 도봉로 447,37.645927,127.032865
서울특별시,송파구,올림픽로,서울특별시 송파구 올림픽로,37.525706,127.117788
서울특별시,강남구,테헤란로,서울특별시 강남구 테헤란로,37.509905,127.067486
서울특별시,강남구,압구정로,서울특별시 강남구 압구정로 225,37.529325,127.033509
서울특별시,강남구,압구정로,서울특별시 강남구 압구정로 302,37.528993,127.034099
서울특별시,강남구,언주로,서울특별시 강남구 언주로,37.521931,127.033991
서울특별시,노원구,노원로,서울특별시 노원구 노원로,37.624068,127.086426
서울특별시,서초구,사평대로,서울특별시 서초구 사평대로,37.504677,127.010519
서울특별시,관악구,관악로,서울특별시 관악구 관악로 152,37.478712,126.952527
서울특별시,관악구,봉천로,서울특별시 관악구 봉천로 426,37.482569,126.946605
서울특별시,관악구,남부순환로,서울특별시 관악구 남부순환로 1590,37.483756,126.927222
서울특별시,양천구,남부순환로,서울특별시 양천구 남부순환로 432,37.52961,126.832309
서울특별시,강서구,양천로,서울특별시 강서구 양천로 731,37.5491,126.876567
서울특별시,양천구,남부순환로,서울특별시 양천구 남부순환로 516,37.522173,126.836666
서울특별시,성북구,종암로,서울특별시 성북구 종암로 152,37.603302,127.032226
서울특별시,광진구,광나루로,서울특별시 광진구 광나루로 404,37.547185,127.074229
서울특별시,광진구,아차산로,서울특별시 광진구 아차산로 224,37.540708,127.068038
서울특별시,동대문구,사가정로,서울특별시 동대문구 사가정로 6,37.569953,127.049098
서울특별시,동대문구,왕산로,서울특별시 동대문구 왕산로,37.5883,127.053581
서울특별시,동대문구,망우로,서울특별시 동대문구 망우로 131,37.591523,127.06739
서울특별시,동대문구,망우로,서울특별시 동대문구 망우로 83,37.590214,127.062234
서울특별시,강북구,도봉로,서울특별시 강북구 도봉로 296,37.634865,127.023415
서울특별시,강북구,도봉로,서울특별시 강북구 도봉로 301,37.635514,127.023036
서울특별시,강북구,도봉로,서울특별시 강북구 도봉로 337,37.637973,127.025425
서울특별시,노원구,노원로,서울특별시 노원구 노원로,37.631253,127.083098
서울특별시,노원구,동일로,서울특별시 노원구 동일로 1065,37.625389,127.072903
서울특별시,노원구,노원로,서울특별시 노원구 노원로,37.628193,127.084998
서울특별시,도봉구,마들로,서울특별시 도봉구 마들로 659,37.66914,127.046077
서울특별시,도봉구,노해로,서울특별시 도봉구 노해로,37.651574,127.041826
서울특별시,도봉구,도봉로,서울특별시 도봉구 도봉로 458,37.646577,127.033681
서울특별시,도봉구,방학로,서울특별시 도봉구 방학로 49,37.662568,127.046804
서울특별시,성북구,한천로,서울특별시 성북구 한천로 509,37.607038,127.065943
서울특별시,성북구,동소문로,서울특별시 성북구 동소문로 327,37.609032,127.029905
서울특별시,관악구,신림로,서울특별시 관악구 신림로 114,37.471013,126.936538
서울특별시,성북구,한천로,서울특별시 성북구 한천로,37.612633,127.06073
서울특별시,성북구,돌곶이로,서울특별시 성북구 돌곶이로 77,37.61064,127.057118
서울특별시,양천구,목동남로,서울특별시 양천구 목동남로 93,37.511238,126.869883
서울특별시,성북구,정릉로,서울특별시 성북구 정릉로 272,37.603307,127.013608
서울특별시,중랑구,동일로,서울특별시 중랑구 동일로 686,37.591534,127.080242
서울특별시,노원구,화랑로,서울특별시 노원구 화랑로 556,37.621651,127.087046
서울특별시,서초구,서운로,서울특별시 서초구 서운로 178,37.499249,127.02312
서울특별시,서초구,중앙로,서울특별시 서초구 중앙로,37.459221,127.018489
서울특별시,서초구,헌릉로,서울특별시 서초구 헌릉로,37.455539,127.066135
서울특별시,서초구,동작대로,서울특별시 서초구 동작대로 234,37.497156,126.983577
서울특별시,강동구,서하남로,서울특별시 강동구 서하남로,37.516893,127.144013
서울특별시,송파구,양재대로,서울특별시 송파구 양재대로,37.500397,127.118381
서울특별시,송파구,올림픽로,서울특별시 송파구 올림픽로,37.511626,127.09305
서울특별시,송파구,탄천동로,서울특별시 송파구 탄천동로,37.51038,127.070496
서울특별시,강동구,조정대로,서울특별시 강동구 조정대로,37.549547,127.182677
서울특별시,광진구,천호대로,서울특별시 광진구 천호대로 502,37.559065,127.074146
서울특별시,광진구,동일로,서울특별시 광진구 동일로 50,37.537264,127.061383
서울특별시,광진구,광나루로,서울특별시 광진구 광나루로 344,37.548198,127.067711
서울특별시,광진구,동일로,서울특별시 광진구 동일로 112,37.542306,127.064225
서울특별시,성동구,왕십리로,서울특별시 성동구 왕십리로,37.560722,127.035574
서울특별시,성동구,고산자로,서울특별시 성동구 고산자로,37.571529,127.037718
서울특별시,은평구,북한산로,서울특별시 은평구 북한산로,37.658481,126.946031
서울특별시,관악구,은천로,-,37.48583238,126.9557097
서울특별시,관악구,시흥대로,서울특별시 관악구 시흥대로 570,37.48374043,126.9023796
서울특별시,관악구,난곡로49길,서울특별시 관악구 난곡로49길 20,37.477272,126.914298
서울특별시,관악구,난곡로43길,-,37.4758556,126.914598
서울특별시,관악구,남부순환로156길,-,37.48114111,126.9205406
서울특별시,관악구,남부순환로152길,-,37.48191499,126.9190813
서울특별시,관악구,남부순환로152길,-,37.48180649,126.9185274
서울특별시,서울시,경부선,,37.446503,127.05579
서울특별시,동대문구,장안벚꽃로5길,서울특별시 동대문구 장안벚꽃로5길 30,37.5814127,127.073465
서울특별시,동대문구,고산자로31길 25,서울특별시 동대문구 고산자로31길 25,37.5767322,127.0363668
서울특별시,동대문구,한천로14길 53,서울특별시 동대문구 한천로14길 53,37.56712179,127.0658005
서울특별시,동대문구,답십리로64길 135,서울특별시 동대문구 답십리로64길 135,37.567118,127.064277
서울특별시,동대문구,장한로 27길 11,서울특별시 동대문구 장한로 27길 11,37.5730554,127.071032
서울특별시,동대문구,전농로20길10,서울특별시 동대문구 전농로20길10,37.57938781,127.0570919
서울특별시,동대문구,경희대로1나길 56-3,서울특별시 동대문구 경희대로1나길 56-3,37.59344889,127.0506268
서울특별시,동대문구,망우로 10길 49,서울특별시 동대문구 망우로 10길 49,37.58694535,127.0564577
서울특별시,동대문구,망우로6길 39,서울특별시 동대문구 망우로6길 39,37.586437,127.056358
서울특별시,동대문구,고산자로,서울특별시 동대문구 고산자로 468,37.581539,127.038839
서울특별시,동대문구,고산자로,서울특별시 동대문구 고산자로 454,37.581539,127.038839
서울특별시,동대문구,고미술로,서울특별시 동대문구 고미술로 57,37.5668003,127.053827
서울특별시,동대문구,이문로,서울특별시 동대문구 이문로 133,37.59842153,127.0613752
서울특별시,동대문구,휘경로,서울특별시 동대문구 휘경로 60,37.59417975,127.0662096
서울특별시,동대문구,한천로4길,서울특별시 동대문구 한천로4길 12,37.56369854,127.0588114
서울특별시,동대문구,한천로,서울특별시 동대문구 한천로 17,37.56434698,127.0593552
서울특별시,동대문구,한천로10길,서울특별시 동대문구 한천로10길 22,37.565871,127.062283
서울특별시,동대문구,한천로,서울특별시 동대문구 한천로 36,37.565211,127.060872
서울특별시,동대문구,황물로,서울특별시 동대문구 황물로 168,37.56527195,127.056413
서울특별시,동대문구,황물로,서울특별시 동대문구 황물로 185-1,37.56436566,127.0580252
서울특별시,동대문구,경희대로,서울특별시 동대문구 경희대로 16,37.59282156,127.0526802
서울특별시,동대문구,답십리로72길,서울특별시 동대문구 답십리로72길 40,37.570351,127.073696
서울특별시,동대문구,이문로,서울특별시 동대문구 이문로 42,37.591094,127.056751
서울특별시,동대문구,무학로,서울특별시 동대문구 무학로 82,37.571494,127.030391
서울특별시,동대문구,겸재로,서울특별시 동대문구 겸재로 16,37.584393,127.0699231
서울특별시,동대문구,장안벚꽃로,서울특별시 동대문구 장안벚꽃로 29,37.563545,127.071726
서울특별시,동대문구,한천로,서울특별시 동대문구 한천로 248,37.582319,127.072599
서울특별시,동대문구,휘경로,서울특별시 동대문구 휘경로 7-1,37.59618498,127.0610648
서울특별시,동대문구,휘경로,서울특별시 동대문구 휘경로 43,37.594604,127.064653
서울특별시,동대문구,천장산로,서울특별시 동대문구 천장산로 8,37.59781855,127.0600385
서울특별시,동대문구,천장산로,서울특별시 동대문구 천장산로 31,37.59854495,127.057831
서울특별시,동대문구,장한로26길,서울특별시 동대문구 답십리로 292-3,37.571517,127.072673
서울특별시,동대문구,고산자로28길,서울특별시 동대문구 고산자로28길 21,37.5750907,127.039224
서울특별시,동대문구,약령시로,서울특별시 동대문구 약령시로 104-1,37.582976,127.041618
서울특별시,동대문구,무학로,서울특별시 동대문구 무학로 125,37.57536363,127.0304744
서울특별시,동대문구,답십리로69길,서울특별시 동대문구 답십리로69길 11,37.57293432,127.0738346
서울특별시,동대문구,시립대로29길,서울특별시 동대문구 서울시립대로29길 3,37.58370737,127.0541343
서울특별시,동대문구,한천로46길,서울특별시 동대문구 한천로46길 42,37.581707,127.071003
서울특별시,동대문구,장한로24길,서울특별시 동대문구 장한로24길 30-2,37.570465,127.072291
서울특별시,동대문구,망우로14길,서울특별시 동대문구 망우로14길 18,37.589087,127.060246
서울특별시,동대문구,난계로28길,서울특별시 동대문구 난계로28길 23,37.57289627,127.024199
서울특별시,동대문구,한천로,서울특별시 동대문구 한천로 157-1,37.57503802,127.067184
서울특별시,동대문구,장한로26길,서울특별시 동대문구 장한로26길 67,37.57139747,127.0748632
서울특별시,동대문구,회기로,서울특별시 동대문구 회기로 185-1,37.589961,127.056615
서울특별시,동대문구,망우로12길,서울특별시 동대문구 망우로12길 17,37.588515,127.0589419
서울특별시,동대문구,회기로25길,서울특별시 동대문구 회기로25길 54,37.59140087,127.0562204
서울특별시,동대문구,경희대로4길,서울특별시 동대문구 경희대로4길 73,37.59139093,127.0562872
서울특별시,동대문구,이문로,서울특별시 동대문구 이문로 37,37.5907117,127.0560993
서울특별시,동대문구,사가정로2길,서울특별시 동대문구 사가정로2길 123,37.56765362,127.0557369
서울특별시,동대문구,한천로,서울특별시 동대문구 한천로 59,37.56710483,127.0621956
서울특별시,동대문구,전농로,서울특별시 동대문구 전농로 113,37.57475891,127.0574956
서울특별시,동대문구,왕산로,서울특별시 동대문구 왕산로 147,37.57862471,127.039855
서울특별시,영등포구,여의대방로,서울특별시 영등포구 여의대방로,37.519882,126.932546
서울특별시,강남구,학동로,서울특별시 강남구 학동로,37.515278,127.035664
서울특별시,강남구,학동로,서울특별시 강남구 학동로,37.515531,127.035075
서울특별시,강남구,남부순환로,서울특별시 강남구 남부순환로,37.488554,127.049306
서울특별시,강남구,남부순환로,서울특별시 강남구 남부순환로,37.485746,127.041087
서울특별시,강남구,삼성로,서울특별시 강남구 삼성로,37.50717,127.056771
서울특별시,강남구,논현로,서울특별시 강남구 논현로,37.526863,127.028187
서울특별시,강남구,언주로,서울특별시 강남구 언주로 337,37.498246,127.04442
서울특별시,강남구,테헤란로,서울특별시 강남구 테헤란로,37.497856,127.028127
서울특별시,강동구,천호대로,서울특별시 강동구 천호대로,37.538081,127.152453
서울특별시,노원구,화랑로,서울특별시 노원구 화랑로 556,37.621507,127.087443
서울특별시,용산구,녹사평대로,서울특별시 용산구 녹사평대로,37.527294,126.991454
서울특별시,용산구,녹사평대로,서울특별시 용산구 녹사평대로 234,37.53827,126.986636
서울특별시,용산구,한강대로,서울특별시 용산구 한강대로 26,37.52255,126.962257
서울특별시,용산구,녹사평대로,서울특별시 용산구 녹사평대로 234,37.538472,126.987024
서울특별시,용산구,한강대로,서울특별시 용산구 한강대로 270,37.542312,126.972921
서울특별시,용산구,한강대로,서울특별시 용산구 한강대로 112,37.529259,126.967693
서울특별시,종로구,삼일로,서울특별시 종로구 삼일로,37.568366,126.98786
서울특별시,중구,퇴계로,서울특별시 중구 퇴계로 404,37.565246,127.016445
서울특별시,중구,을지로,서울특별시 중구 을지로,37.565775,127.008071
서울특별시,서초구,신반포로,서울특별시 서초구 신반포로,37.504983,127.000544
서울특별시,서초구,반포대로,서울특별시 서초구 반포대로,37.501774,127.00317
서울특별시,서초구,남부순환로,서울특별시 서초구 남부순환로,37.480754,127.012849
서울특별시,서초구,서초대로,서울특별시 서초구 서초대로 240,37.491638,127.008152
서울특별시,서초구,강남대로,서울특별시 서초구 강남대로 547,37.510832,127.021102
서울특별시,동대문구,정릉천동로,서울특별시 동대문구 정릉천동로 80,37.57984024,127.0352678
서울특별시,동대문구,사가정로,서울특별시 동대문구 사가정로 138,37.57771965,127.0600648
서울특별시,동대문구,한빛로,서울특별시 동대문구 한빛로 11,37.577012,127.024537
서울특별시,동대문구,약령시로,서울특별시 동대문구 약령시로 10,37.582525,127.030876
서울특별시,동대문구,답십리로,서울특별시 동대문구 답십리로 158,37.57274257,127.057663
서울특별시,동대문구,답십리로,서울특별시 동대문구 답십리로 130,37.572781,127.054721
서울특별시,동대문구,답십리로56길,서울특별시 동대문구 답십리로56길 15,37.571962,127.059635
서울특별시,동대문구,장안벚꽃로,서울특별시 동대문구 장안벚꽃로 167,37.574936,127.0742821
서울특별시,동대문구,장안벚꽃로,서울특별시 동대문구 장안벚꽃로 205,37.577793,127.0757616
서울특별시,동대문구,한천로55길,서울특별시 동대문구 한천로55길 9,37.595856,127.067457
서울특별시,동대문구,망우로20길,서울특별시 동대문구 망우로20길 86,37.590596,127.0655317
서울특별시,동대문구,망우로21길,서울특별시 동대문구 망우로21길 52,37.5902556,127.059381
서울특별시,동대문구,답십리로56길 125,서울특별시 동대문구 답십리로56길 126,37.567621,127.057809
서울특별시,동대문구,한빛로 29,서울특별시 동대문구 한빛로 29,37.57834392,127.025603
서울특별시,동대문구,고산자로28길,서울특별시 동대문구 고산자로28길 39,37.57497077,127.040439
서울특별시,동대문구,답십리로29길,서울특별시 동대문구 답십리로23길 30,37.57672448,127.0496315
서울특별시,동대문구,황물로15길28,서울특별시 동대문구 황물로15길 28,37.56594249,127.0582254
서울특별시,동대문구,약령시로 51,서울특별시 동대문구 약령시로 51,37.58293156,127.0357641
서울특별시,은평구,통일로,서울특별시 은평구 통일로 603,37.600555,126.935782
서울특별시,종로구,통일로,서울특별시 종로구 통일로 220,37.572486,126.960251
서울특별시,종로구,진흥로,서울특별시 종로구 진흥로 432,37.608112,126.957041
서울특별시,종로구,율곡로,서울특별시 종로구 율곡로 166,37.576153,126.996955
서울특별시,서대문구,연희로,서울특별시 서대문구 연희로 59,37.563996,126.928659
서울특별시,서대문구,연희로,서울특별시 서대문구 연희로 173,37.572754,126.93535
서울특별시,서대문구,통일로,서울특별시 서대문구 통일로 113,37.565564,126.966832
서울특별시,영등포구,도림로,서울특별시 영등포구 도림로 415,37.513043,126.896772
서울특별시,은평구,통일로,서울특별시 은평구 통일로,37.609105,126.931389
서울특별시,은평구,통일로,서울특별시 은평구 통일로 731,37.610737,126.929488
서울특별시,은평구,증산로,서울특별시 은평구 증산로 413,37.592766,126.914154
서울특별시,관악구,남부순환로,서울특별시 관악구 남부순환로 1897,37.478707,126.959932
서울특별시,동작구,남부순환로,서울특별시 동작구 남부순환로 2059,37.476833,126.977537
서울특별시,관악구,남부순환로,서울특별시 관악구 남부순환로 1860,37.47976,126.956085
서울특별시,관악구,남부순환로,서울특별시 관악구 남부순환로 1817,37.481545,126.95231
서울특별시,관악구,호암로,서울특별시 관악구 호암로 520,37.463969,126.931756
서울특별시,관악구,남부순환로,서울특별시 관악구 남부순환로,37.48199,126.914343
서울특별시,마포구,마포대로,서울특별시 마포구 마포대로 53,37.541372,126.948028
서울특별시,마포구,양화로,서울특별시 마포구 양화로 196,37.558862,126.926513
서울특별시,마포구,독막로,서울특별시 마포구 독막로 146,37.547451,126.929868
서울특별시,마포구,월드컵로,서울특별시 마포구 월드컵로,37.572661,126.888065
서울특별시,마포구,월드컵북로,서울특별시 마포구 월드컵북로,37.579567,126.887933
서울특별시,마포구,성산로,서울특별시 마포구 성산로,37.562921,126.904205
서울특별시,마포구,증산로,서울특별시 마포구 증산로 32,37.567529,126.893179
서울특별시,마포구,마포대로,서울특별시 마포구 마포대로 247,37.556808,126.95857
서울특별시,마포구,양화로,서울특별시 마포구 양화로 42,37.549158,126.91375
서울특별시,마포구,월드컵북로,서울특별시 마포구 월드컵북로 74,37.560496,126.9163
서울특별시,서대문구,신촌로,서울특별시 서대문구 신촌로 145,37.556757,126.942589
서울특별시,서대문구,응암로,서울특별시 서대문구 응암로 107,37.582365,126.913022
서울특별시,양천구,안양천로,서울특별시 양천구 안양천로,37.513241,126.875166
서울특별시,양천구,중앙로,서울특별시 양천구 중앙로,37.521171,126.852527
서울특별시,양천구,목동로,서울특별시 양천구 목동로 193,37.525929,126.864113
서울특별시,구로구,공원로,서울특별시 구로구 공원로,37.504006,126.8874
서울특별시,구로구,경인로,서울특별시 구로구 경인로 558,37.502646,126.879859
서울특별시,구로구,경인로,서울특별시 구로구 경인로,37.505872,126.883439
서울특별시,금천구,시흥대로,서울특별시 금천구 시흥대로 399,37.469417,126.897649
서울특별시,영등포구,도신로,서울특별시 영등포구 도신로,37.506638,126.901716
서울특별시,영등포구,시흥대로,서울특별시 영등포구 시흥대로,37.49276,126.909317
서울특별시,양천구,안양천로,서울특별시 양천구 안양천로,37.520799,126.878198
서울특별시,동작구,양녕로,서울특별시 동작구 양녕로 273,37.504097,126.948954
서울특별시,동작구,상도로,서울특별시 동작구 상도로,37.502883,126.947874
서울특별시,동작구,사당로,서울특별시 동작구 사당로,37.483866,126.977147
서울특별시,동작구,사당로,서울특별시 동작구 사당로 8-1,37.495475,126.956508
서울특별시,동작구,상도로,서울특별시 동작구 상도로 293,37.501549,126.949262
서울특별시,동작구,여의대방로,서울특별시 동작구 여의대방로 128,37.498514,126.920413
서울특별시,서초구,남부순환로,서울특별시 서초구 남부순환로,37.482734,127.021927
서울특별시,마포구,신촌로,서울특별시 마포구 신촌로 106,37.554599,126.937132
서울특별시,서대문구,통일로,서울특별시 서대문구 통일로 416,37.586492,126.946988
서울특별시,강서구,공항대로,서울특별시 강서구 공항대로 432,37.555237,126.854833
서울특별시,양천구,오목로,서울특별시 양천구 오목로,37.521493,126.840272
서울특별시,강서구,방화대로,서울특별시 강서구 방화대로 319,37.569274,126.816636
서울특별시,강서구,공항대로,서울특별시 강서구 공항대로 521,37.551631,126.864154
서울특별시,강서구,강서로,서울특별시 강서구 강서로 63,37.533328,126.845549
서울특별시,양천구,국회대로,서울특별시 양천구 국회대로,37.529611,126.864558
서울특별시,양천구,남부순환로,서울특별시 양천구 남부순환로,37.539493,126.826152
서울특별시,양천구,신월로,서울특별시 양천구 신월로 200,37.519946,126.844553
서울특별시,강서구,올림픽대로,서울특별시 강서구 올림픽대로,37.574074,126.844391
서울특별시,은평구,통일로,서울특별시 은평구 통일로 855-20,37.619623,126.919952
서울특별시,은평구,통일로83길,서울특별시 은평구 통일로83길7,37.620839,126.919083
서울특별시,은평구,통일로85길,서울특별시 은평구 통일로 85길 6,37.622188,126.919049
서울특별시,은평구,증산서길,서울특별시 은평구 증산서길63,37.582434,126.905371
서울특별시,은평구,연서로,서울특별시 은평구 연서로 292,37.621589,126.926707
서울특별시,은평구,연서로,서울특별시 은평구 연서로 313-1,37.623448,126.927469
서울특별시,은평구,연서로,서울특별시 은평구 연서로 175,37.6145004,126.9175201
서울특별시,은평구,은평로,서울특별시 은평구 은평로 82,37.599022,126.916948
서울특별시,은평구,연서로,서울특별시 은평구 연서로107,37.609032,126.915513
서울특별시,은평구,연서로,서울특별시 은평구 연서로117,37.610179,126.915162
서울특별시,은평구,연서로,서울특별시 은평구 연서로4길 2,37.602314,126.9161395
서울특별시,은평구,연서로,서울특별시 은평구 연서로 55,37.603974,126.915333
서울특별시,은평구,연서로,서울특별시 은평구 연서로 17,37.600599,126.915745
서울특별시,은평구,갈현로,서울특별시 은평구 갈현로 326-1,37.62572258,126.9181468
서울특별시,은평구,갈현로,서울특별시 은평구 갈현로 299,37.62347828,126.9169429
서울특별시,은평구,갈현로,서울특별시 은평구 갈현로 267,37.62070735,126.9163853
서울특별시,은평구,갈현로,서울특별시 은평구 갈현로 192,37.61488209,126.9127504
서울특별시,은평구,갈현로,서울특별시 은평구 갈현로 139,37.61045248,126.9110836
서울특별시,은평구,갈현로,서울특별시 은평구 갈현로108,37.607386,126.910889
서울특별시,은평구,갈현로,서울특별시 은평구 갈현로 55,37.602752,126.910215
서울특별시,은평구,서오릉로,서울특별시 은평구 서오릉로 160,37.61249422,126.9155026
서울특별시,은평구,갈현로,서울특별시 은평구 갈현로11,37.59890333,126.9101334
서울특별시,은평구,응암로,서울특별시 은평구 응암로 179,37.58804666,126.9166582
서울특별시,구로구,경인로,서울특별시 구로구 경인로 334,37.497205,126.856663
서울특별시,관악구,남부순환로,서울특별시 관악구 남부순환로 1761,37.482263,126.945973
서울특별시,관악구,은천로25길,서울특별시 관악구 은천로25길 69,37.489005,126.948332
서울특별시,관악구,구암길,-,37.49054041,126.9480617
서울특별시,관악구,호암로,서울특별시 관악구 호암로 545,37.466451,126.931148
서울특별시,관악구,미성3길,서울특별시 관악구 미성3길 20,37.473674,126.916948
서울특별시,관악구,호암로,서울특별시 관악구 호암로 528,37.464708,126.931716
서울특별시,관악구,성현로,-,37.49214915,126.9490782
서울특별시,관악구,청림길,서울특별시 관악구 봉천동 청림길 7-1,37.488451,126.959003
서울특별시,관악구,남현길,서울특별시 관악구 남현길 55,37.474299,126.976236
서울특별시,관악구,양지길,서울특별시 관악구 양지길 91,37.469403,126.930756
서울특별시,관악구,신림동길,서울특별시 관악구 신림동길 6,37.4875265,126.928088
서울특별시,관악구,난곡로65길,서울특별시 관악구 난곡로65길 2,37.4824757,126.914027
서울특별시,관악구,문성로16가길,서울특별시 관악구 문성로16가길 1,37.47679213,126.9134383
서울특별시,관악구,신림로,서울특별시 관악구 신림로 210,37.4760928,126.937523
서울특별시,관악구,관악로24길,서울특별시 관악구 봉천동 관악로24길 60,37.4853706,126.9573003
서울특별시,관악구,봉천로,서울특별시 관악구 봉천동 봉천로 590 성호빌딩,37.476571,126.9625922
서울특별시,관악구,관천로,-,37.484998,126.925536
서울특별시,관악구,조원로2길,-,37.482877,126.902353
서울특별시,관악구,난곡로26길,-,37.47062624,126.9204161
서울특별시,관악구,남부순환로,-,37.484496,126.935821
서울특별시,관악구,행운9길,-,37.48353622,126.9596401
서울특별시,관악구,서림길,-,37.47099667,126.940512
서울특별시,관악구,과천대로,-,37.47400791,126.981789
서울특별시,관악구,원신2길,서울특별시 관악구 신림동 원신1길 30,37.47046271,126.9327424
서울특별시,관악구,성현로,-,37.49256173,126.9473309
서울특별시,관악구,성현로,서울특별시 관악구 성현로 16,37.4925791,126.945533
서울특별시,구로구,가마,서울특별시 구로구 가마산로,37.497441,126.893395
서울특별시,영등포구,선유로,서울특별시 영등포구 선유로,37.536008,126.898154
서울특별시,광진구,자양로,서울특별시 광진구 자양로 45,37.532018,127.085371
서울특별시,광진구,능동로,서울특별시 광진구 능동로 433,37.567767,127.084713
서울특별시,광진구,아차산로,서울특별시 광진구 아차산로 522,37.541929,127.0989833
서울특별시,광진구,자양로,서울특별시 광진구 자양로 185,37.544176,127.084728
서울특별시,광진구,자양로,서울특별시 광진구 자양로 116,37.538139,127.083753
서울특별시,광진구,영화사로,서울특별시 영화사로 95,37.554629,127.096634
서울특별시,광진구,능동로,서울특별시 능동로 18,37.533363,127.068534
서울특별시,광진구,광나루로,서울특별시 광나루로375-1,,127.071743
서울특별시,광진구,자양로,서울특별시 자양로 81,37.535132,127.083842
서울특별시,광진구,능동로,서울특별시 광진구 능동로 324,37.558455,127.080269
서울특별시,광진구,동일로,서울특별시 광진구 동일로 343,37.561604,127.074934
서울특별시,광진구,뚝섬로,서울특별시 광진구 뚝섬로 472,37.536666,127.062876
서울특별시,광진구,용마산로,서울특별시 광진구 용마산로 44,37.55746883,127.087979
서울특별시,광진구,긴고랑로,서울특별시 광진구 긴고랑로 18,37.563551,127.078431
서울특별시,광진구,아차산로,서울특별시 광진구 아차산로 614,37.547671,127.106819
서울특별시,광진구,아차산로,서울특별시 광진구 아차산로 553,37.543412,127.102485
서울특별시,광진구,광나루로,서울특별시 광진구 광나루로 529,37.544923,127.088409
서울특별시,광진구,천호대로,서울특별시 광진구 천호대로 655,37.552503,127.089616
서울특별시,광진구,천호대로,서울특별시 광진구 천호대로 512,37.558512,127.075456
서울특별시,광진구,천호대로,서울특별시 광진구 천호대로 616,37.554494,127.085808
서울특별시,광진구,능동로,서울특별시 광진구 능동로 216,37.5520117,127.089327
서울특별시,광진구,뚝섬로,서울특별시 광진구 뚝섬로 626,37.532063,127.079293
서울특별시,광진구,군자로,서울특별시 광진구 군자로 88,37.551085,127.0715961
서울특별시,광진구,능동로,서울특별시 광진구 능동로 385,37.563616,127.082955
서울특별시,광진구,구의강변로,서울특별시 광진구 구의강변로 45,37.534794,127.091715
서울특별시,광진구,아차산로,서울특별시 광진구 아차산로 219,37.540892,127.067851
서울특별시,광진구,능동로,서울특별시 광진구 능동로 295,37.556057,127.078795
서울특별시,광진구,능동로,서울특별시 광진구 능동로 110,37.540684,127.071036
서울특별시,광진구,능동로,서울특별시 광진구 능동로 125,37.542046,127.071601
서울특별시,광진구,능동로,서울특별시 광진구 능동로 109,37.540748,127.070976
서울특별시,광진구,아차산로,서울특별시 광진구 아차산로 218,37.540894,127.067539
서울특별시,광진구,자양로,서울특별시 광진구 자양로 210,37.545916,127.086252
서울특별시,광진구,광나루로,서울특별시 광진구 광나루로 369,37.547979,127.071019
서울특별시,광진구,면목로,서울특별시 광진구 면목로 127,37.564843,127.080667
서울특별시,광진구,뚝섬로,서울특별시 광진구 뚝섬로 666,37.531557,127.083472
서울특별시,광진구,광나루로56길,서울특별시 광진구 광나루로56길 29,37.537889,127.096758
서울특별시,광진구,강변역로,서울특별시 광진구 강변역로 53,37.535336,127.094313
서울특별시,광진구,광나루로56길,서울특별시 광진구 광나루로56길 32,37.537871,127.0962194
서울특별시,광진구,능동로,서울특별시 광진구 어린이대공원역1번출구,37.548591,127.075542
서울특별시,광진구,능동로,서울특별시 광진구 능동로 248,37.552162,127.076962
서울특별시,광진구,능동로,서울특별시 광진구 능동로 237,37.551251,127.076338
