지점명,년도,월,일,시각
관철동14-1번지사거리,2017,7,13,9
관철동14-1번지사거리,2017,9,1,3
관철동14-1번지사거리,2017,11,24,1
관철동14-1번지사거리,2018,3,24,20
관철동14-1번지사거리,2018,7,28,18
관철동14-1번지사거리,2018,10,12,11
관철동14-1번지사거리,2019,2,21,1
관철동14-1번지사거리,2019,7,18,3
광하문우체국사거리,2017,1,15,3
광하문우체국사거리,2017,4,26,2
광하문우체국사거리,2017,5,8,21
광하문우체국사거리,2017,5,23,22
광하문우체국사거리,2017,8,29,13
광하문우체국사거리,2017,12,30,5
광하문우체국사거리,2017,12,21,12
광하문우체국사거리,2018,1,31,21
광하문우체국사거리,2018,1,28,22
광하문우체국사거리,2018,2,4,23
광하문우체국사거리,2018,4,24,18
광하문우체국사거리,2018,6,26,5
광하문우체국사거리,2018,6,23,9
광하문우체국사거리,2018,9,29,12
광하문우체국사거리,2018,9,17,15
광하문우체국사거리,2018,9,9,15
광하문우체국사거리,2018,10,5,10
광하문우체국사거리,2018,11,19,21
광하문우체국사거리,2018,11,8,23
광하문우체국사거리,2018,12,24,20
광하문우체국사거리,2019,4,20,14
광하문우체국사거리,2019,5,2,5
광하문우체국사거리,2019,5,4,13
광하문우체국사거리,2019,5,12,13
광하문우체국사거리,2019,7,18,1
광하문우체국사거리,2019,8,6,14
광하문우체국사거리,2019,9,13,11
광하문우체국사거리,2019,9,6,17
광하문우체국사거리,2019,10,3,19
광하문우체국사거리,2017,1,23,15
광하문우체국사거리,2017,2,25,19
광하문우체국사거리,2017,3,8,14
광하문우체국사거리,2017,4,14,2
광하문우체국사거리,2017,5,27,21
광하문우체국사거리,2017,6,23,13
광하문우체국사거리,2017,6,16,14
광하문우체국사거리,2017,7,2,23
광하문우체국사거리,2017,8,4,0
광하문우체국사거리,2017,8,15,2
광하문우체국사거리,2017,9,8,3
광하문우체국사거리,2017,11,3,18
광하문우체국사거리,2017,11,20,21
광하문우체국사거리,2017,12,13,2
광하문우체국사거리,2018,3,14,14
광하문우체국사거리,2018,4,29,2
광하문우체국사거리,2018,4,9,23
광하문우체국사거리,2018,5,7,3
광하문우체국사거리,2018,6,8,17
광하문우체국사거리,2018,7,26,14
광하문우체국사거리,2018,9,19,22
광하문우체국사거리,2018,9,29,23
광하문우체국사거리,2018,10,18,22
광하문우체국사거리,2018,12,28,5
광하문우체국사거리,2018,12,20,9
광하문우체국사거리,2018,12,7,15
광하문우체국사거리,2019,2,10,0
광하문우체국사거리,2019,3,24,3
광하문우체국사거리,2019,6,27,5
광하문우체국사거리,2019,6,11,23
광하문우체국사거리,2019,8,8,21
광하문우체국사거리,2019,9,9,1
광하문우체국사거리,2019,9,25,17
광하문우체국사거리,2019,9,15,18
광하문우체국사거리,2019,11,8,22
광화문앞삼거리,2017,2,4,23
광화문앞삼거리,2017,3,14,17
광화문앞삼거리,2017,6,27,0
광화문앞삼거리,2017,7,20,17
광화문앞삼거리,2017,8,28,23
광화문앞삼거리,2017,9,2,0
광화문앞삼거리,2017,9,13,17
광화문앞삼거리,2017,10,29,17
광화문앞삼거리,2017,11,17,19
광화문앞삼거리,2017,12,22,1
광화문앞삼거리,2017,12,23,1
광화문앞삼거리,2017,12,4,13
광화문앞삼거리,2018,1,20,18
광화문앞삼거리,2018,5,11,10
광화문앞삼거리,2018,5,21,15
광화문앞삼거리,2018,5,25,18
광화문앞삼거리,2018,6,1,16
광화문앞삼거리,2018,8,24,20
광화문앞삼거리,2018,8,18,22
광화문앞삼거리,2018,9,30,10
광화문앞삼거리,2019,1,28,9
광화문앞삼거리,2019,3,7,11
광화문앞삼거리,2019,4,12,23
광화문앞삼거리,2019,5,31,1
광화문앞삼거리,2019,5,24,6
광화문앞삼거리,2019,5,24,11
광화문앞삼거리,2019,6,25,7
광화문앞삼거리,2019,7,11,13
광화문앞삼거리,2019,7,21,16
광화문앞삼거리,2019,8,30,15
광화문앞삼거리,2019,9,21,7
광화문앞삼거리,2019,11,27,18
광화문앞삼거리,2019,11,18,19
광화문앞삼거리,2019,12,23,16
동대문성곽공원앞사거리,2017,4,19,16
동대문성곽공원앞사거리,2017,9,27,12
동대문성곽공원앞사거리,2018,6,27,23
동대문성곽공원앞사거리,2018,7,17,13
동대문성곽공원앞사거리,2018,10,13,8
동대문성곽공원앞사거리,2018,12,28,11
동대문성곽공원앞사거리,2019,1,9,11
동대문성곽공원앞사거리,2019,4,12,18
동대문성곽공원앞사거리,2019,6,2,0
동대문성곽공원앞사거리,2019,6,4,12
동대문성곽공원앞사거리,2019,10,29,23
동대문성곽공원앞사거리,2017,1,17,9
동대문성곽공원앞사거리,2017,1,26,16
동대문성곽공원앞사거리,2017,1,3,19
동대문성곽공원앞사거리,2017,2,16,1
동대문성곽공원앞사거리,2017,2,24,4
동대문성곽공원앞사거리,2017,2,20,12
동대문성곽공원앞사거리,2017,2,23,15
동대문성곽공원앞사거리,2017,3,14,13
동대문성곽공원앞사거리,2017,5,15,3
동대문성곽공원앞사거리,2017,5,20,12
동대문성곽공원앞사거리,2017,6,29,14
동대문성곽공원앞사거리,2017,7,24,7
동대문성곽공원앞사거리,2017,7,20,15
동대문성곽공원앞사거리,2017,8,2,14
동대문성곽공원앞사거리,2017,8,25,18
동대문성곽공원앞사거리,2017,8,14,22
동대문성곽공원앞사거리,2017,8,10,23
동대문성곽공원앞사거리,2017,9,6,19
동대문성곽공원앞사거리,2017,10,25,21
동대문성곽공원앞사거리,2017,11,13,13
동대문성곽공원앞사거리,2017,11,18,14
동대문성곽공원앞사거리,2017,12,16,12
동대문성곽공원앞사거리,2018,1,18,10
동대문성곽공원앞사거리,2018,2,13,1
동대문성곽공원앞사거리,2018,4,20,20
동대문성곽공원앞사거리,2018,5,6,13
동대문성곽공원앞사거리,2018,5,31,15
동대문성곽공원앞사거리,2018,7,30,9
동대문성곽공원앞사거리,2018,8,30,1
동대문성곽공원앞사거리,2018,9,17,23
동대문성곽공원앞사거리,2019,2,22,19
동대문성곽공원앞사거리,2019,4,4,8
동대문성곽공원앞사거리,2019,6,18,10
동대문성곽공원앞사거리,2019,12,21,2
동대문성곽공원앞사거리,2019,12,2,17
동대문역사거리,2017,1,2,21
동대문역사거리,2017,4,3,19
동대문역사거리,2017,5,29,23
동대문역사거리,2017,6,27,23
동대문역사거리,2017,7,27,13
동대문역사거리,2017,7,31,19
동대문역사거리,2017,8,1,20
동대문역사거리,2017,9,9,23
동대문역사거리,2017,10,3,15
동대문역사거리,2017,12,17,1
동대문역사거리,2017,12,6,10
동대문역사거리,2017,12,29,21
동대문역사거리,2018,1,4,14
동대문역사거리,2018,1,7,23
동대문역사거리,2018,1,28,23
동대문역사거리,2018,3,7,2
동대문역사거리,2018,5,31,5
동대문역사거리,2018,6,28,2
동대문역사거리,2018,8,4,23
동대문역사거리,2018,10,10,0
동대문역사거리,2019,2,14,12
동대문역사거리,2019,3,14,20
동대문역사거리,2019,8,10,20
동대문역사거리,2019,9,3,22
동대문역사거리,2019,11,7,20
동대문역사거리,2019,12,31,0
동대문역삼거리,2017,1,28,0
동대문역삼거리,2017,2,24,11
동대문역삼거리,2017,4,26,1
동대문역삼거리,2017,4,22,4
동대문역삼거리,2017,5,15,3
동대문역삼거리,2017,5,12,17
동대문역삼거리,2017,5,19,19
동대문역삼거리,2017,6,25,20
동대문역삼거리,2017,7,29,2
동대문역삼거리,2017,7,12,18
동대문역삼거리,2017,8,15,7
동대문역삼거리,2017,8,3,9
동대문역삼거리,2017,8,8,14
동대문역삼거리,2017,9,29,8
동대문역삼거리,2017,9,21,12
동대문역삼거리,2017,9,10,15
동대문역삼거리,2017,11,20,10
동대문역삼거리,2017,12,7,7
동대문역삼거리,2017,12,11,7
동대문역삼거리,2017,12,4,12
동대문역삼거리,2017,12,9,18
동대문역삼거리,2018,1,18,9
동대문역삼거리,2018,2,6,11
동대문역삼거리,2018,2,10,19
동대문역삼거리,2018,3,2,7
동대문역삼거리,2018,6,5,7
동대문역삼거리,2018,6,11,11
동대문역삼거리,2018,6,23,17
동대문역삼거리,2018,6,12,22
동대문역삼거리,2018,8,14,7
동대문역삼거리,2018,8,27,12
동대문역삼거리,2018,9,3,9
동대문역삼거리,2018,9,29,21
동대문역삼거리,2018,10,3,19
동대문역삼거리,2018,12,18,1
동대문역삼거리,2019,3,29,16
동대문역삼거리,2019,4,6,22
동대문역삼거리,2019,5,13,13
동대문역삼거리,2019,6,13,16
동대문역삼거리,2019,9,24,12
동대문역삼거리,2019,9,23,22
동대문역삼거리,2019,11,1,9
동대문역삼거리,2019,11,20,16
동대문역삼거리,2019,12,19,7
동묘공원앞삼거리,2017,2,4,10
동묘공원앞삼거리,2017,4,11,0
동묘공원앞삼거리,2017,4,18,23
동묘공원앞삼거리,2017,6,11,5
동묘공원앞삼거리,2017,8,10,0
동묘공원앞삼거리,2017,8,2,13
동묘공원앞삼거리,2017,9,26,5
동묘공원앞삼거리,2017,12,9,3
동묘공원앞삼거리,2018,2,7,5
동묘공원앞삼거리,2018,2,18,10
동묘공원앞삼거리,2018,2,3,13
동묘공원앞삼거리,2018,3,5,13
동묘공원앞삼거리,2018,4,18,13
동묘공원앞삼거리,2018,4,16,15
동묘공원앞삼거리,2018,5,11,22
동묘공원앞삼거리,2018,6,6,8
동묘공원앞삼거리,2018,6,24,10
동묘공원앞삼거리,2018,10,1,8
동묘공원앞삼거리,2018,11,15,19
동묘공원앞삼거리,2018,12,25,4
동묘공원앞삼거리,2018,12,4,5
동묘공원앞삼거리,2019,1,9,14
동묘공원앞삼거리,2019,2,26,19
동묘공원앞삼거리,2019,5,9,12
동묘공원앞삼거리,2019,5,30,15
동묘공원앞삼거리,2019,7,29,21
동묘공원앞삼거리,2019,12,9,16
동묘앞역사거리,2017,7,14,15
동묘앞역사거리,2018,3,1,23
동묘앞역사거리,2018,7,4,0
동묘앞역사거리,2018,7,17,21
동묘앞역사거리,2018,8,9,15
동묘앞역사거리,2018,11,9,1
동묘앞역사거리,2018,12,7,12
동묘앞역사거리,2019,12,21,19
동묘앞역사거리,2017,1,11,9
동묘앞역사거리,2017,3,18,7
동묘앞역사거리,2017,3,27,22
동묘앞역사거리,2017,4,1,4
동묘앞역사거리,2017,4,5,23
동묘앞역사거리,2017,5,17,0
동묘앞역사거리,2017,5,24,13
동묘앞역사거리,2017,6,30,13
동묘앞역사거리,2017,6,1,16
동묘앞역사거리,2017,7,7,16
동묘앞역사거리,2017,9,1,2
동묘앞역사거리,2017,9,12,3
동묘앞역사거리,2017,11,22,5
동묘앞역사거리,2017,12,18,4
동묘앞역사거리,2018,2,2,4
동묘앞역사거리,2018,2,10,4
동묘앞역사거리,2018,4,3,1
동묘앞역사거리,2018,4,7,20
동묘앞역사거리,2018,5,12,20
동묘앞역사거리,2018,6,14,3
동묘앞역사거리,2018,7,27,9
동묘앞역사거리,2018,7,9,20
동묘앞역사거리,2018,8,25,2
동묘앞역사거리,2018,8,30,15
동묘앞역사거리,2018,9,23,10
동묘앞역사거리,2018,10,9,0
동묘앞역사거리,2018,10,13,5
동묘앞역사거리,2018,10,21,13
동묘앞역사거리,2018,11,28,0
동묘앞역사거리,2018,11,17,4
동묘앞역사거리,2019,1,29,19
동묘앞역사거리,2019,1,8,20
동묘앞역사거리,2019,1,5,22
동묘앞역사거리,2019,2,15,23
동묘앞역사거리,2019,3,31,1
동묘앞역사거리,2019,3,25,5
동묘앞역사거리,2019,3,26,18
동묘앞역사거리,2019,4,28,12
동묘앞역사거리,2019,5,9,13
동묘앞역사거리,2019,6,9,2
동묘앞역사거리,2019,6,10,8
동묘앞역사거리,2019,6,11,17
동묘앞역사거리,2019,6,19,21
동묘앞역사거리,2019,7,7,8
동묘앞역사거리,2019,8,29,17
동묘앞역사거리,2019,9,19,11
동묘앞역사거리,2019,9,22,19
동묘앞역사거리,2019,10,4,12
동묘앞역사거리,2019,10,24,13
동묘앞역사거리,2019,10,6,17
서울전문학교앞사거리,2017,1,25,20
서울전문학교앞사거리,2017,9,25,2
서울전문학교앞사거리,2017,11,10,22
서울전문학교앞사거리,2018,1,11,9
서울전문학교앞사거리,2018,1,20,16
서울전문학교앞사거리,2018,11,6,22
서울전문학교앞사거리,2019,2,23,19
서울전문학교앞사거리,2019,8,12,5
서울전문학교앞사거리,2017,1,11,11
서울전문학교앞사거리,2017,2,11,5
서울전문학교앞사거리,2017,4,5,19
서울전문학교앞사거리,2017,9,20,23
서울전문학교앞사거리,2017,10,27,8
서울전문학교앞사거리,2017,10,24,15
서울전문학교앞사거리,2017,12,22,4
서울전문학교앞사거리,2017,12,22,6
서울전문학교앞사거리,2018,2,23,16
서울전문학교앞사거리,2018,6,5,1
서울전문학교앞사거리,2018,6,12,4
서울전문학교앞사거리,2018,6,11,8
서울전문학교앞사거리,2018,9,26,14
서울전문학교앞사거리,2018,10,19,20
서울전문학교앞사거리,2018,11,26,3
서울전문학교앞사거리,2019,1,12,3
서울전문학교앞사거리,2019,3,2,5
서울전문학교앞사거리,2019,3,10,20
서울전문학교앞사거리,2019,5,6,3
서울전문학교앞사거리,2019,6,10,7
서울전문학교앞사거리,2019,6,4,23
서울전문학교앞사거리,2019,9,17,9
서울전문학교앞사거리,2019,9,10,16
서울전문학교앞사거리,2019,11,9,0
서울전문학교앞사거리,2019,11,9,1
서울지방경찰청,2017,3,29,16
서울지방경찰청,2017,4,18,9
서울지방경찰청,2017,4,28,9
서울지방경찰청,2017,4,25,19
서울지방경찰청,2017,5,4,11
서울지방경찰청,2017,5,27,17
서울지방경찰청,2017,6,14,23
서울지방경찰청,2017,11,2,19
서울지방경찰청,2018,1,17,17
서울지방경찰청,2018,3,23,15
서울지방경찰청,2018,5,9,15
서울지방경찰청,2018,5,27,21
서울지방경찰청,2018,7,4,8
서울지방경찰청,2018,9,11,19
서울지방경찰청,2018,10,12,1
서울지방경찰청,2018,10,20,13
서울지방경찰청,2018,11,13,11
서울지방경찰청,2018,12,14,9
서울지방경찰청,2019,2,15,0
서울지방경찰청,2019,2,21,0
서울지방경찰청,2019,3,4,19
서울지방경찰청,2019,4,2,5
서울지방경찰청,2019,5,27,6
서울지방경찰청,2019,5,8,18
서울지방경찰청,2019,5,3,21
서울지방경찰청,2019,6,21,2
서울지방경찰청,2019,6,4,2
서울지방경찰청,2019,6,21,21
서울지방경찰청,2019,9,25,0
서울지방경찰청,2019,9,3,9
서울지방경찰청,2019,9,6,20
서울지방경찰청,2019,10,31,9
서울지방경찰청,2019,11,27,20
서울지방경찰청,2019,12,13,13
서울지방경찰청,2019,12,16,23
신설동역사거리,2017,4,19,7
신설동역사거리,2017,4,22,23
신설동역사거리,2017,9,20,14
신설동역사거리,2017,10,8,18
신설동역사거리,2017,12,9,2
신설동역사거리,2018,2,23,15
신설동역사거리,2018,2,3,18
신설동역사거리,2018,3,6,4
신설동역사거리,2018,4,24,19
신설동역사거리,2018,6,11,15
신설동역사거리,2018,7,14,4
신설동역사거리,2018,7,20,14
신설동역사거리,2018,7,23,22
신설동역사거리,2018,8,27,23
신설동역사거리,2018,9,15,5
신설동역사거리,2018,9,29,17
신설동역사거리,2018,9,10,22
신설동역사거리,2018,10,12,6
신설동역사거리,2018,11,9,0
신설동역사거리,2019,4,1,9
신설동역사거리,2019,5,30,11
신설동역사거리,2019,5,16,22
신설동역사거리,2019,6,2,22
신설동역사거리,2019,11,7,23
신설동역사거리,2019,12,12,21
안국역사거리,2017,1,4,5
안국역사거리,2017,1,23,23
안국역사거리,2017,2,22,6
안국역사거리,2017,3,6,13
안국역사거리,2017,3,17,20
안국역사거리,2017,3,21,21
안국역사거리,2017,5,4,3
안국역사거리,2017,6,7,17
안국역사거리,2017,7,28,15
안국역사거리,2017,7,16,23
안국역사거리,2017,8,30,2
안국역사거리,2017,9,22,8
안국역사거리,2017,9,14,11
안국역사거리,2017,10,24,13
안국역사거리,2017,12,20,13
안국역사거리,2017,12,25,23
안국역사거리,2017,12,22,23
안국역사거리,2018,2,6,12
안국역사거리,2018,5,29,22
안국역사거리,2018,6,24,13
안국역사거리,2018,7,16,15
안국역사거리,2018,9,10,0
안국역사거리,2018,9,9,17
안국역사거리,2018,12,8,18
안국역사거리,2019,2,21,20
안국역사거리,2019,3,26,20
안국역사거리,2019,4,9,22
안국역사거리,2019,5,21,5
안국역사거리,2019,5,9,22
안국역사거리,2019,6,5,15
안국역사거리,2019,8,15,10
안국역사거리,2019,9,20,19
안국역사거리,2019,10,5,1
안국역사거리,2019,12,7,21
이화사거리,2017,10,4,15
이화사거리,2018,8,7,0
이화사거리,2018,11,15,0
이화사거리,2019,9,25,15
이화사거리,2019,12,19,20
이화사거리,2017,3,18,13
이화사거리,2017,4,29,23
이화사거리,2017,5,16,18
이화사거리,2017,6,25,0
이화사거리,2017,6,11,23
이화사거리,2017,7,26,22
이화사거리,2017,9,6,5
이화사거리,2017,11,28,19
이화사거리,2017,11,10,20
이화사거리,2017,11,30,21
이화사거리,2017,12,21,11
이화사거리,2018,2,5,18
이화사거리,2018,3,25,8
이화사거리,2018,3,21,10
이화사거리,2018,4,12,6
이화사거리,2018,4,14,6
이화사거리,2018,5,17,1
이화사거리,2018,9,29,3
이화사거리,2018,9,26,20
이화사거리,2018,10,22,21
이화사거리,2019,2,4,20
이화사거리,2019,4,16,21
이화사거리,2019,5,6,13
이화사거리,2019,5,26,15
이화사거리,2019,7,6,0
이화사거리,2019,7,3,7
이화사거리,2019,7,18,15
이화사거리,2019,7,22,17
이화사거리,2019,8,27,5
이화사거리,2019,8,15,14
이화사거리,2019,8,24,15
이화사거리,2019,12,21,12
이화사거리,2019,12,25,13
이화사거리,2019,12,5,23
종로3가역사거리,2017,1,25,8
종로3가역사거리,2017,1,30,14
종로3가역사거리,2017,2,8,22
종로3가역사거리,2017,3,21,8
종로3가역사거리,2017,3,8,11
종로3가역사거리,2017,4,25,5
종로3가역사거리,2017,4,27,19
종로3가역사거리,2017,5,11,5
종로3가역사거리,2017,5,8,10
종로3가역사거리,2017,6,13,17
종로3가역사거리,2017,8,2,10
종로3가역사거리,2017,9,8,1
종로3가역사거리,2017,9,6,5
종로3가역사거리,2017,10,5,19
종로3가역사거리,2017,11,10,0
종로3가역사거리,2017,11,3,23
종로3가역사거리,2017,12,10,10
종로3가역사거리,2017,12,19,12
종로3가역사거리,2017,12,6,15
종로3가역사거리,2018,2,3,6
종로3가역사거리,2018,2,1,14
종로3가역사거리,2018,3,16,13
종로3가역사거리,2018,3,9,15
종로3가역사거리,2018,3,25,17
종로3가역사거리,2018,4,17,12
종로3가역사거리,2018,4,22,21
종로3가역사거리,2018,5,25,13
종로3가역사거리,2018,5,24,15
종로3가역사거리,2018,6,23,14
종로3가역사거리,2018,7,21,2
종로3가역사거리,2018,7,30,2
종로3가역사거리,2018,9,29,0
종로3가역사거리,2018,9,15,8
종로3가역사거리,2018,9,18,9
종로3가역사거리,2018,10,19,0
종로3가역사거리,2018,10,8,21
종로3가역사거리,2018,11,9,18
종로3가역사거리,2018,12,3,19
종로3가역사거리,2019,1,12,16
종로3가역사거리,2019,3,27,21
종로3가역사거리,2019,5,18,16
종로3가역사거리,2019,5,20,17
종로3가역사거리,2019,7,8,13
종로3가역사거리,2019,8,9,8
종로3가역사거리,2019,9,2,19
종로3가역사거리,2019,11,1,10
종로3가역사거리,2019,12,11,16
종로3가역사거리,2019,12,26,16
종로5가역사거리,2017,1,7,4
종로5가역사거리,2017,1,29,6
종로5가역사거리,2017,2,20,17
종로5가역사거리,2017,3,17,5
종로5가역사거리,2017,3,17,11
종로5가역사거리,2017,3,14,16
종로5가역사거리,2017,4,3,6
종로5가역사거리,2017,5,28,6
종로5가역사거리,2017,7,29,5
종로5가역사거리,2017,7,17,10
종로5가역사거리,2017,12,6,12
종로5가역사거리,2018,1,4,12
종로5가역사거리,2018,2,9,2
종로5가역사거리,2018,4,16,20
종로5가역사거리,2018,5,23,1
종로5가역사거리,2018,5,5,4
종로5가역사거리,2018,5,24,18
종로5가역사거리,2018,6,8,22
종로5가역사거리,2018,8,16,5
종로5가역사거리,2018,8,14,14
종로5가역사거리,2018,10,12,10
종로5가역사거리,2018,10,31,11
종로5가역사거리,2018,12,12,18
종로5가역사거리,2019,1,22,21
종로5가역사거리,2019,1,14,23
종로5가역사거리,2019,2,1,10
종로5가역사거리,2019,3,6,10
종로5가역사거리,2019,3,3,12
종로5가역사거리,2019,5,7,1
종로5가역사거리,2019,5,17,11
종로5가역사거리,2019,6,14,18
종로5가역사거리,2019,6,17,23
종로5가역사거리,2019,7,10,2
종로5가역사거리,2019,8,5,3
종로5가역사거리,2019,8,22,17
종로5가역사거리,2019,10,20,17
종로5가역사거리,2019,11,17,0
종로5가역사거리,2019,11,18,15
종로타워삼거리,2017,1,25,2
종로타워삼거리,2017,1,4,13
종로타워삼거리,2017,4,13,14
종로타워삼거리,2017,5,9,16
종로타워삼거리,2017,6,29,18
종로타워삼거리,2017,11,21,7
종로타워삼거리,2017,11,4,17
종로타워삼거리,2017,11,20,19
종로타워삼거리,2017,12,20,0
종로타워삼거리,2017,12,26,22
종로타워삼거리,2018,1,8,17
종로타워삼거리,2018,2,7,5
종로타워삼거리,2018,2,25,15
종로타워삼거리,2018,3,24,5
종로타워삼거리,2018,4,15,3
종로타워삼거리,2018,8,9,13
종로타워삼거리,2018,10,31,22
종로타워삼거리,2018,12,5,11
종로타워삼거리,2019,1,29,14
종로타워삼거리,2019,2,12,22
종로타워삼거리,2019,5,24,21
종로타워삼거리,2019,6,28,19
종로타워삼거리,2019,8,12,1
종로타워삼거리,2019,9,5,6
종로타워삼거리,2019,9,20,9
종로타워삼거리,2019,11,24,7
종로타워삼거리,2019,11,8,8
중부교육지원청부근사거리,2017,2,7,8
중부교육지원청부근사거리,2017,8,10,12
중부교육지원청부근사거리,2018,2,28,14
중부교육지원청부근사거리,2018,4,6,20
중부교육지원청부근사거리,2018,8,16,7
중부교육지원청부근사거리,2019,3,7,20
중부교육지원청부근사거리,2019,8,4,23
중부교육지원청부근사거리,2019,11,11,19
중부교육지원청부근사거리,2019,12,24,0
중부교육지원청부근사거리,2019,12,16,6
중부교육지원청부근사거리,2017,1,23,0
중부교육지원청부근사거리,2017,1,24,20
중부교육지원청부근사거리,2017,4,11,15
중부교육지원청부근사거리,2017,5,12,0
중부교육지원청부근사거리,2017,5,12,13
중부교육지원청부근사거리,2017,6,25,0
중부교육지원청부근사거리,2017,6,19,15
중부교육지원청부근사거리,2017,6,28,23
중부교육지원청부근사거리,2017,8,1,21
중부교육지원청부근사거리,2017,8,30,22
중부교육지원청부근사거리,2017,9,17,11
중부교육지원청부근사거리,2017,9,27,18
중부교육지원청부근사거리,2017,12,21,8
중부교육지원청부근사거리,2018,1,9,7
중부교육지원청부근사거리,2018,4,25,0
중부교육지원청부근사거리,2018,5,31,23
중부교육지원청부근사거리,2018,6,2,20
중부교육지원청부근사거리,2018,11,5,16
중부교육지원청부근사거리,2019,1,19,15
중부교육지원청부근사거리,2019,3,17,8
중부교육지원청부근사거리,2019,4,24,15
중부교육지원청부근사거리,2019,10,15,12
중부교육지원청부근사거리,2019,10,24,18
중부교육지원청부근사거리,2019,11,30,14
창신1동주민센터,2017,1,22,4
창신1동주민센터,2017,1,9,11
창신1동주민센터,2017,1,19,16
창신1동주민센터,2017,1,9,20
창신1동주민센터,2017,1,3,23
창신1동주민센터,2017,3,2,8
창신1동주민센터,2017,3,28,14
창신1동주민센터,2017,5,11,4
창신1동주민센터,2017,6,4,1
창신1동주민센터,2017,6,7,21
창신1동주민센터,2017,9,4,16
창신1동주민센터,2017,9,29,19
창신1동주민센터,2017,10,31,11
창신1동주민센터,2017,11,22,4
창신1동주민센터,2017,12,27,8
창신1동주민센터,2017,12,6,10
창신1동주민센터,2018,3,17,0
창신1동주민센터,2018,3,10,5
창신1동주민센터,2018,3,8,9
창신1동주민센터,2018,4,3,1
창신1동주민센터,2018,4,21,1
창신1동주민센터,2018,6,30,12
창신1동주민센터,2018,7,7,1
창신1동주민센터,2018,7,27,15
창신1동주민센터,2018,9,15,2
창신1동주민센터,2018,12,2,2
창신1동주민센터,2019,3,9,6
창신1동주민센터,2019,4,26,22
창신1동주민센터,2019,9,10,17
창신1동주민센터,2019,10,23,21
창신1동주민센터,2019,12,20,1
창신1동주민센터,2019,12,24,5
청계4가교차로,2017,1,16,0
청계4가교차로,2017,1,14,2
청계4가교차로,2017,1,14,23
청계4가교차로,2017,2,12,3
청계4가교차로,2017,3,16,1
청계4가교차로,2017,3,8,18
청계4가교차로,2017,4,26,13
청계4가교차로,2017,5,7,15
청계4가교차로,2017,7,27,0
청계4가교차로,2017,7,11,10
청계4가교차로,2017,7,8,23
청계4가교차로,2017,8,9,4
청계4가교차로,2017,8,23,11
청계4가교차로,2017,9,18,0
청계4가교차로,2017,9,18,9
청계4가교차로,2017,10,29,17
청계4가교차로,2017,10,1,19
청계4가교차로,2017,10,23,19
청계4가교차로,2017,12,8,10
청계4가교차로,2017,12,19,14
청계4가교차로,2018,2,2,8
청계4가교차로,2018,3,13,1
청계4가교차로,2018,3,27,22
청계4가교차로,2018,4,29,2
청계4가교차로,2018,7,26,1
청계4가교차로,2018,7,21,13
청계4가교차로,2018,7,23,23
청계4가교차로,2018,10,5,10
청계4가교차로,2018,12,4,6
청계4가교차로,2019,3,8,11
청계4가교차로,2019,4,20,3
청계4가교차로,2019,4,6,20
청계4가교차로,2019,4,21,23
청계4가교차로,2019,5,2,15
청계4가교차로,2019,5,17,21
청계4가교차로,2019,6,16,9
청계4가교차로,2019,7,17,0
청계4가교차로,2019,7,8,4
청계4가교차로,2019,8,1,23
청계4가교차로,2019,9,20,19
청계4가교차로,2019,10,13,11
청계4가교차로,2019,10,25,18
청계4가교차로,2019,10,11,22
청계4가교차로,2019,11,19,0
청계6가앞,2017,1,11,17
청계6가앞,2017,3,8,13
청계6가앞,2017,5,19,1
청계6가앞,2017,7,25,15
청계6가앞,2017,8,20,7
청계6가앞,2017,9,2,0
청계6가앞,2017,11,25,10
청계6가앞,2017,12,16,11
청계6가앞,2017,12,27,14
청계6가앞,2017,12,22,18
청계6가앞,2017,12,2,19
청계6가앞,2017,12,15,22
청계6가앞,2018,1,27,2
청계6가앞,2018,5,14,20
청계6가앞,2018,6,14,16
청계6가앞,2018,8,20,4
청계6가앞,2018,10,28,18
청계6가앞,2018,12,28,10
청계6가앞,2019,1,22,2
청계6가앞,2019,1,21,7
청계6가앞,2019,3,28,10
청계6가앞,2019,3,26,19
청계6가앞,2019,4,6,2
청계6가앞,2019,4,11,13
청계6가앞,2019,5,31,12
청계6가앞,2019,6,27,11
청계6가앞,2019,8,31,23
청계6가앞,2019,9,1,8
청계6가앞,2019,11,14,12
청계6가앞,2019,11,3,14
청계6가앞,2019,12,26,19
청계6가앞,2019,12,4,21
트윈트리타워앞,2017,1,3,18
트윈트리타워앞,2017,4,12,9
트윈트리타워앞,2017,5,10,20
트윈트리타워앞,2017,6,7,13
트윈트리타워앞,2017,6,14,18
트윈트리타워앞,2017,6,18,22
트윈트리타워앞,2017,7,6,18
트윈트리타워앞,2017,10,17,5
트윈트리타워앞,2017,11,10,11
트윈트리타워앞,2018,1,10,9
트윈트리타워앞,2018,2,6,14
트윈트리타워앞,2018,3,14,9
트윈트리타워앞,2018,5,4,21
트윈트리타워앞,2018,5,26,22
트윈트리타워앞,2018,6,14,7
트윈트리타워앞,2018,8,29,9
트윈트리타워앞,2018,9,8,16
트윈트리타워앞,2018,12,1,13
트윈트리타워앞,2019,2,21,0
트윈트리타워앞,2019,4,30,12
트윈트리타워앞,2019,5,24,22
트윈트리타워앞,2019,6,16,4
트윈트리타워앞,2019,7,2,9
트윈트리타워앞,2019,8,9,9
트윈트리타워앞,2019,8,27,16
트윈트리타워앞,2019,8,28,19
트윈트리타워앞,2019,8,28,19
트윈트리타워앞,2019,10,25,15
트윈트리타워앞,2019,10,21,18
트윈트리타워앞,2019,11,1,9
트윈트리타워앞,2019,11,11,12
트윈트리타워앞,2019,11,14,19
트윈트리타워앞,2019,11,10,20
트윈트리타워앞,2019,11,4,23
혜화동로터리,2017,11,21,16
혜화동로터리,2017,12,4,4
혜화동로터리,2018,1,18,2
혜화동로터리,2018,1,15,14
혜화동로터리,2018,1,21,22
혜화동로터리,2018,2,14,2
혜화동로터리,2018,5,18,14
혜화동로터리,2018,5,24,20
혜화동로터리,2018,6,9,13
혜화동로터리,2018,8,15,13
혜화동로터리,2019,1,17,14
혜화동로터리,2019,1,17,18
혜화동로터리,2019,4,3,21
혜화동로터리,2019,5,11,10
혜화동로터리,2019,5,8,14
혜화동로터리,2019,7,19,10
혜화동로터리,2019,7,30,12
혜화동로터리,2019,8,8,11
혜화동로터리,2019,8,8,15
혜화동로터리,2019,9,9,12
혜화동로터리,2019,10,31,19
혜화동로터리,2019,10,30,20
혜화동로터리,2019,12,2,11
혜화동로터리,2017,1,25,15
혜화동로터리,2017,2,5,20
혜화동로터리,2017,3,8,0
혜화동로터리,2017,3,8,11
혜화동로터리,2017,3,10,23
혜화동로터리,2017,4,12,9
혜화동로터리,2017,4,23,15
혜화동로터리,2017,5,29,0
혜화동로터리,2017,7,25,16
혜화동로터리,2017,8,12,9
혜화동로터리,2017,8,7,13
혜화동로터리,2017,8,15,22
혜화동로터리,2017,9,23,3
혜화동로터리,2017,9,5,20
혜화동로터리,2017,11,30,20
혜화동로터리,2017,12,17,15
혜화동로터리,2018,2,25,10
혜화동로터리,2018,2,6,11
혜화동로터리,2018,2,19,20
혜화동로터리,2018,2,9,22
혜화동로터리,2018,3,19,11
혜화동로터리,2018,4,3,7
혜화동로터리,2018,4,12,7
혜화동로터리,2018,5,19,13
혜화동로터리,2018,5,30,17
혜화동로터리,2018,6,11,8
혜화동로터리,2018,6,29,9
혜화동로터리,2018,6,9,15
혜화동로터리,2018,7,7,1
혜화동로터리,2018,7,13,7
혜화동로터리,2018,7,5,13
혜화동로터리,2018,7,26,18
혜화동로터리,2018,8,2,6
혜화동로터리,2018,10,16,1
혜화동로터리,2018,10,26,21
혜화동로터리,2018,11,4,15
혜화동로터리,2018,11,6,15
혜화동로터리,2018,11,18,20
혜화동로터리,2018,12,15,11
혜화동로터리,2019,1,22,5
혜화동로터리,2019,1,30,5
혜화동로터리,2019,2,16,10
혜화동로터리,2019,2,1,22
혜화동로터리,2019,3,25,13
혜화동로터리,2019,3,8,20
혜화동로터리,2019,5,21,7
혜화동로터리,2019,6,9,16
혜화동로터리,2019,7,23,21
혜화동로터리,2019,8,10,20
혜화동로터리,2019,9,10,7
혜화동로터리,2019,10,25,3
혜화동로터리,2019,10,30,17
혜화동로터리,2019,11,30,2
혜화동로터리,2019,11,15,7
혜화동로터리,2019,11,7,8
혜화동로터리,2019,11,15,8
혜화동로터리,2019,12,10,6
혜화동로터리,2019,12,29,22
